ORIGIN_STATE_ABR,ORIGIN_STATE_FIPS,ORIGIN_STATE_NM,DEST_STATE_ABR,DEST_STATE_FIPS,DEST_STATE_NM,LineNUM
CA,6,California,CO,8,Colorado,1
CO,8,Colorado,CA,6,California,2
CA,6,California,CO,8,Colorado,3
IA,19,Iowa,CO,8,Colorado,4
CO,8,Colorado,ND,38,North Dakota,5
CO,8,Colorado,ND,38,North Dakota,6
ND,38,North Dakota,CO,8,Colorado,7
CO,8,Colorado,MO,29,Missouri,8
MO,29,Missouri,CO,8,Colorado,9
NC,37,North Carolina,CO,8,Colorado,10
GA,13,Georgia,CO,8,Colorado,11
CO,8,Colorado,SC,45,South Carolina,12
CO,8,Colorado,CA,6,California,13
NV,32,Nevada,CO,8,Colorado,14
CO,8,Colorado,CA,6,California,15
CA,6,California,CO,8,Colorado,16
CO,8,Colorado,CA,6,California,17
UT,49,Utah,CO,8,Colorado,18
CO,8,Colorado,AZ,4,Arizona,19
PA,42,Pennsylvania,CO,8,Colorado,20
GA,13,Georgia,CO,8,Colorado,21
GA,13,Georgia,CO,8,Colorado,22
GA,13,Georgia,CO,8,Colorado,23
CO,8,Colorado,GA,13,Georgia,24
CO,8,Colorado,TX,48,Texas,25
WY,56,Wyoming,CO,8,Colorado,26
CO,8,Colorado,GA,13,Georgia,27
CO,8,Colorado,GA,13,Georgia,28
CO,8,Colorado,GA,13,Georgia,29
CO,8,Colorado,KY,21,Kentucky,30
CO,8,Colorado,MI,26,Michigan,31
CO,8,Colorado,SD,46,South Dakota,32
CO,8,Colorado,NV,32,Nevada,33
CO,8,Colorado,CA,6,California,34
CO,8,Colorado,UT,49,Utah,35
MI,26,Michigan,CO,8,Colorado,36
MN,27,Minnesota,CO,8,Colorado,37
OK,40,Oklahoma,CO,8,Colorado,38
CA,6,California,CO,8,Colorado,39
UT,49,Utah,CO,8,Colorado,40
CT,9,Connecticut,CO,8,Colorado,41
CO,8,Colorado,MI,26,Michigan,42
CA,6,California,CO,8,Colorado,43
NE,31,Nebraska,CO,8,Colorado,44
CO,8,Colorado,OH,39,Ohio,45
CO,8,Colorado,MS,28,Mississippi,46
CO,8,Colorado,CA,6,California,47
CO,8,Colorado,FL,12,Florida,48
CO,8,Colorado,VA,51,Virginia,49
MO,29,Missouri,CO,8,Colorado,50
CO,8,Colorado,CA,6,California,51
CO,8,Colorado,CO,8,Colorado,52
WY,56,Wyoming,CO,8,Colorado,53
WY,56,Wyoming,CO,8,Colorado,54
TX,48,Texas,CO,8,Colorado,55
CO,8,Colorado,NY,36,New York,56
CO,8,Colorado,TX,48,Texas,57
CO,8,Colorado,FL,12,Florida,58
CO,8,Colorado,MS,28,Mississippi,59
CO,8,Colorado,SC,45,South Carolina,60
CO,8,Colorado,TX,48,Texas,61
CO,8,Colorado,AR,5,Arkansas,62
CA,6,California,CO,8,Colorado,63
CO,8,Colorado,CO,8,Colorado,64
CO,8,Colorado,TX,48,Texas,65
CO,8,Colorado,IL,17,Illinois,66
CO,8,Colorado,CA,6,California,67
TX,48,Texas,CO,8,Colorado,68
OH,39,Ohio,CO,8,Colorado,69
TX,48,Texas,CO,8,Colorado,70
CO,8,Colorado,NV,32,Nevada,71
AZ,4,Arizona,CO,8,Colorado,72
TX,48,Texas,CO,8,Colorado,73
CO,8,Colorado,CA,6,California,74
CO,8,Colorado,MI,26,Michigan,75
CO,8,Colorado,UT,49,Utah,76
UT,49,Utah,CO,8,Colorado,77
CO,8,Colorado,UT,49,Utah,78
NY,36,New York,CO,8,Colorado,79
OK,40,Oklahoma,CO,8,Colorado,80
CO,8,Colorado,CA,6,California,81
IL,17,Illinois,CO,8,Colorado,82
CO,8,Colorado,WI,55,Wisconsin,83
NV,32,Nevada,CO,8,Colorado,84
CO,8,Colorado,AZ,4,Arizona,85
CO,8,Colorado,AZ,4,Arizona,86
AZ,4,Arizona,CO,8,Colorado,87
AZ,4,Arizona,CO,8,Colorado,88
AZ,4,Arizona,CO,8,Colorado,89
AZ,4,Arizona,CO,8,Colorado,90
CO,8,Colorado,AZ,4,Arizona,91
CO,8,Colorado,AZ,4,Arizona,92
AL,1,Alabama,CO,8,Colorado,93
CO,8,Colorado,CA,6,California,94
KY,21,Kentucky,CO,8,Colorado,95
CO,8,Colorado,KY,21,Kentucky,96
CO,8,Colorado,CO,8,Colorado,97
WA,53,Washington,CO,8,Colorado,98
NE,31,Nebraska,CO,8,Colorado,99
CO,8,Colorado,OK,40,Oklahoma,100
CO,8,Colorado,CO,8,Colorado,101
NE,31,Nebraska,CO,8,Colorado,102
KS,20,Kansas,CO,8,Colorado,103
CO,8,Colorado,NE,31,Nebraska,104
CO,8,Colorado,KS,20,Kansas,105
CO,8,Colorado,CO,8,Colorado,106
CO,8,Colorado,NE,31,Nebraska,107
CO,8,Colorado,NE,31,Nebraska,108
CO,8,Colorado,KS,20,Kansas,109
NE,31,Nebraska,CO,8,Colorado,110
NE,31,Nebraska,CO,8,Colorado,111
KS,20,Kansas,CO,8,Colorado,112
KS,20,Kansas,CO,8,Colorado,113
CO,8,Colorado,AZ,4,Arizona,114
CO,8,Colorado,NM,35,New Mexico,115
CO,8,Colorado,CO,8,Colorado,116
NE,31,Nebraska,CO,8,Colorado,117
CO,8,Colorado,SD,46,South Dakota,118
CO,8,Colorado,ND,38,North Dakota,119
ND,38,North Dakota,CO,8,Colorado,120
CO,8,Colorado,NV,32,Nevada,121
NV,32,Nevada,CO,8,Colorado,122
CO,8,Colorado,CO,8,Colorado,123
CO,8,Colorado,TX,48,Texas,124
CO,8,Colorado,KS,20,Kansas,125
CO,8,Colorado,MA,25,Massachusetts,126
CO,8,Colorado,CA,6,California,127
CO,8,Colorado,AR,5,Arkansas,128
FL,12,Florida,CO,8,Colorado,129
IL,17,Illinois,CO,8,Colorado,130
NC,37,North Carolina,CO,8,Colorado,131
CA,6,California,CO,8,Colorado,132
UT,49,Utah,CO,8,Colorado,133
CO,8,Colorado,CA,6,California,134
CO,8,Colorado,MN,27,Minnesota,135
CO,8,Colorado,MN,27,Minnesota,136
CO,8,Colorado,UT,49,Utah,137
MI,26,Michigan,CO,8,Colorado,138
MN,27,Minnesota,CO,8,Colorado,139
MN,27,Minnesota,CO,8,Colorado,140
CO,8,Colorado,OK,40,Oklahoma,141
MI,26,Michigan,CO,8,Colorado,142
WY,56,Wyoming,CO,8,Colorado,143
CO,8,Colorado,AR,5,Arkansas,144
CO,8,Colorado,MT,30,Montana,145
CO,8,Colorado,AZ,4,Arizona,146
WY,56,Wyoming,CO,8,Colorado,147
VA,51,Virginia,CO,8,Colorado,148
CO,8,Colorado,NM,35,New Mexico,149
CO,8,Colorado,GA,13,Georgia,150
CO,8,Colorado,TX,48,Texas,151
CO,8,Colorado,IA,19,Iowa,152
CO,8,Colorado,WY,56,Wyoming,153
CO,8,Colorado,WY,56,Wyoming,154
CO,8,Colorado,TX,48,Texas,155
CO,8,Colorado,MI,26,Michigan,156
CO,8,Colorado,TX,48,Texas,157
CO,8,Colorado,WY,56,Wyoming,158
CO,8,Colorado,AR,5,Arkansas,159
CO,8,Colorado,OR,41,Oregon,160
CO,8,Colorado,NE,31,Nebraska,161
CO,8,Colorado,IL,17,Illinois,162
CO,8,Colorado,OR,41,Oregon,163
CO,8,Colorado,CA,6,California,164
CO,8,Colorado,KY,21,Kentucky,165
CO,8,Colorado,CA,6,California,166
CO,8,Colorado,CA,6,California,167
CO,8,Colorado,CA,6,California,168
CO,8,Colorado,ID,16,Idaho,169
TX,48,Texas,CO,8,Colorado,170
CO,8,Colorado,CA,6,California,171
TX,48,Texas,CO,8,Colorado,172
WY,56,Wyoming,CO,8,Colorado,173
WY,56,Wyoming,CO,8,Colorado,174
CA,6,California,CO,8,Colorado,175
AR,5,Arkansas,CO,8,Colorado,176
OR,41,Oregon,CO,8,Colorado,177
MT,30,Montana,CO,8,Colorado,178
IL,17,Illinois,CO,8,Colorado,179
OR,41,Oregon,CO,8,Colorado,180
WA,53,Washington,CO,8,Colorado,181
CA,6,California,CO,8,Colorado,182
TX,48,Texas,CO,8,Colorado,183
UT,49,Utah,CO,8,Colorado,184
CA,6,California,CO,8,Colorado,185
CA,6,California,CO,8,Colorado,186
NM,35,New Mexico,CO,8,Colorado,187
CT,9,Connecticut,CO,8,Colorado,188
MA,25,Massachusetts,CO,8,Colorado,189
MT,30,Montana,CO,8,Colorado,190
CO,8,Colorado,NM,35,New Mexico,191
CO,8,Colorado,MT,30,Montana,192
CO,8,Colorado,MA,25,Massachusetts,193
CO,8,Colorado,MT,30,Montana,194
CO,8,Colorado,KY,21,Kentucky,195
CO,8,Colorado,MI,26,Michigan,196
CO,8,Colorado,FL,12,Florida,197
CO,8,Colorado,VA,51,Virginia,198
CO,8,Colorado,TX,48,Texas,199
CO,8,Colorado,NV,32,Nevada,200
CO,8,Colorado,MO,29,Missouri,201
CO,8,Colorado,FL,12,Florida,202
CO,8,Colorado,IL,17,Illinois,203
CO,8,Colorado,PA,42,Pennsylvania,204
CO,8,Colorado,CA,6,California,205
CO,8,Colorado,VA,51,Virginia,206
CO,8,Colorado,NV,32,Nevada,207
CO,8,Colorado,UT,49,Utah,208
CO,8,Colorado,MO,29,Missouri,209
CO,8,Colorado,MO,29,Missouri,210
CO,8,Colorado,OK,40,Oklahoma,211
VA,51,Virginia,CO,8,Colorado,212
TX,48,Texas,CO,8,Colorado,213
TX,48,Texas,CO,8,Colorado,214
MO,29,Missouri,CO,8,Colorado,215
FL,12,Florida,CO,8,Colorado,216
CA,6,California,CO,8,Colorado,217
CA,6,California,CO,8,Colorado,218
VA,51,Virginia,CO,8,Colorado,219
NV,32,Nevada,CO,8,Colorado,220
TX,48,Texas,CO,8,Colorado,221
CA,6,California,CO,8,Colorado,222
CA,6,California,CO,8,Colorado,223
CA,6,California,CO,8,Colorado,224
CA,6,California,CO,8,Colorado,225
MO,29,Missouri,CO,8,Colorado,226
MO,29,Missouri,CO,8,Colorado,227
OK,40,Oklahoma,CO,8,Colorado,228
SC,45,South Carolina,CO,8,Colorado,229
OH,39,Ohio,CO,8,Colorado,230
CO,8,Colorado,NM,35,New Mexico,231
CO,8,Colorado,ID,16,Idaho,232
CO,8,Colorado,MI,26,Michigan,233
CO,8,Colorado,MI,26,Michigan,234
CO,8,Colorado,WI,55,Wisconsin,235
CO,8,Colorado,OR,41,Oregon,236
CO,8,Colorado,PA,42,Pennsylvania,237
CO,8,Colorado,NV,32,Nevada,238
CO,8,Colorado,FL,12,Florida,239
CO,8,Colorado,OK,40,Oklahoma,240
MI,26,Michigan,CO,8,Colorado,241
MI,26,Michigan,CO,8,Colorado,242
LA,22,Louisiana,CO,8,Colorado,243
PA,42,Pennsylvania,CO,8,Colorado,244
NV,32,Nevada,CO,8,Colorado,245
FL,12,Florida,CO,8,Colorado,246
CA,6,California,CO,8,Colorado,247
GA,13,Georgia,CO,8,Colorado,248
CO,8,Colorado,CO,8,Colorado,249
CO,8,Colorado,OH,39,Ohio,250
CO,8,Colorado,CO,8,Colorado,251
CO,8,Colorado,IA,19,Iowa,252
CO,8,Colorado,KS,20,Kansas,253
CO,8,Colorado,NE,31,Nebraska,254
CO,8,Colorado,UT,49,Utah,255
KS,20,Kansas,CO,8,Colorado,256
KY,21,Kentucky,CO,8,Colorado,257
OK,40,Oklahoma,CO,8,Colorado,258
KY,21,Kentucky,CO,8,Colorado,259
CO,8,Colorado,OH,39,Ohio,260
CO,8,Colorado,MI,26,Michigan,261
CO,8,Colorado,TX,48,Texas,262
CO,8,Colorado,IN,18,Indiana,263
CO,8,Colorado,FL,12,Florida,264
CO,8,Colorado,FL,12,Florida,265
CO,8,Colorado,MT,30,Montana,266
CO,8,Colorado,IL,17,Illinois,267
CO,8,Colorado,IL,17,Illinois,268
CO,8,Colorado,AZ,4,Arizona,269
CO,8,Colorado,MO,29,Missouri,270
CO,8,Colorado,TN,47,Tennessee,271
MI,26,Michigan,CO,8,Colorado,272
VA,51,Virginia,CO,8,Colorado,273
TX,48,Texas,CO,8,Colorado,274
IN,18,Indiana,CO,8,Colorado,275
FL,12,Florida,CO,8,Colorado,276
MT,30,Montana,CO,8,Colorado,277
IL,17,Illinois,CO,8,Colorado,278
AZ,4,Arizona,CO,8,Colorado,279
MO,29,Missouri,CO,8,Colorado,280
FL,12,Florida,CO,8,Colorado,281
TN,47,Tennessee,CO,8,Colorado,282
CO,8,Colorado,TX,48,Texas,283
CO,8,Colorado,IN,18,Indiana,284
CO,8,Colorado,MO,29,Missouri,285
CO,8,Colorado,LA,22,Louisiana,286
CO,8,Colorado,UT,49,Utah,287
CO,8,Colorado,AZ,4,Arizona,288
CO,8,Colorado,UT,49,Utah,289
IN,18,Indiana,CO,8,Colorado,290
MO,29,Missouri,CO,8,Colorado,291
TN,47,Tennessee,CO,8,Colorado,292
CA,6,California,CO,8,Colorado,293
CO,8,Colorado,MI,26,Michigan,294
TX,48,Texas,CO,8,Colorado,295
CO,8,Colorado,OK,40,Oklahoma,296
CO,8,Colorado,CO,8,Colorado,297
CO,8,Colorado,CO,8,Colorado,298
MI,26,Michigan,CO,8,Colorado,299
TX,48,Texas,CO,8,Colorado,300
CO,8,Colorado,TX,48,Texas,301
CO,8,Colorado,KS,20,Kansas,302
KS,20,Kansas,CO,8,Colorado,303
CO,8,Colorado,MO,29,Missouri,304
CO,8,Colorado,CO,8,Colorado,305
TX,48,Texas,CO,8,Colorado,306
TX,48,Texas,CO,8,Colorado,307
CO,8,Colorado,WA,53,Washington,308
CO,8,Colorado,NV,32,Nevada,309
CO,8,Colorado,KY,21,Kentucky,310
UT,49,Utah,CO,8,Colorado,311
UT,49,Utah,CO,8,Colorado,312
CO,8,Colorado,OR,41,Oregon,313
CA,6,California,CO,8,Colorado,314
PA,42,Pennsylvania,CO,8,Colorado,315
CO,8,Colorado,MN,27,Minnesota,316
CO,8,Colorado,MN,27,Minnesota,317
UT,49,Utah,CO,8,Colorado,318
CO,8,Colorado,MI,26,Michigan,319
IA,19,Iowa,CO,8,Colorado,320
CO,8,Colorado,CO,8,Colorado,321
CO,8,Colorado,CO,8,Colorado,322
CO,8,Colorado,CO,8,Colorado,323
CO,8,Colorado,MT,30,Montana,324
CO,8,Colorado,OR,41,Oregon,325
CO,8,Colorado,TX,48,Texas,326
CA,6,California,CO,8,Colorado,327
CO,8,Colorado,CO,8,Colorado,328
CO,8,Colorado,CO,8,Colorado,329
CO,8,Colorado,TX,48,Texas,330
MT,30,Montana,CO,8,Colorado,331
IL,17,Illinois,CO,8,Colorado,332
CA,6,California,CO,8,Colorado,333
AR,5,Arkansas,CO,8,Colorado,334
GA,13,Georgia,CO,8,Colorado,335
KY,21,Kentucky,CO,8,Colorado,336
VA,51,Virginia,CO,8,Colorado,337
CO,8,Colorado,GA,13,Georgia,338
CO,8,Colorado,MA,25,Massachusetts,339
CO,8,Colorado,VA,51,Virginia,340
CO,8,Colorado,WA,53,Washington,341
CO,8,Colorado,KS,20,Kansas,342
CO,8,Colorado,NC,37,North Carolina,343
CO,8,Colorado,CA,6,California,344
CO,8,Colorado,FL,12,Florida,345
CO,8,Colorado,AZ,4,Arizona,346
OR,41,Oregon,CO,8,Colorado,347
NJ,34,New Jersey,CO,8,Colorado,348
WA,53,Washington,CO,8,Colorado,349
MI,26,Michigan,CO,8,Colorado,350
KS,20,Kansas,CO,8,Colorado,351
NV,32,Nevada,CO,8,Colorado,352
FL,12,Florida,CO,8,Colorado,353
AZ,4,Arizona,CO,8,Colorado,354
ID,16,Idaho,CO,8,Colorado,355
CO,8,Colorado,NM,35,New Mexico,356
CO,8,Colorado,MD,24,Maryland,357
CO,8,Colorado,SC,45,South Carolina,358
CO,8,Colorado,OH,39,Ohio,359
CO,8,Colorado,WA,53,Washington,360
CO,8,Colorado,KY,21,Kentucky,361
CO,8,Colorado,UT,49,Utah,362
WA,53,Washington,CO,8,Colorado,363
OR,41,Oregon,CO,8,Colorado,364
CA,6,California,CO,8,Colorado,365
WA,53,Washington,CO,8,Colorado,366
CA,6,California,CO,8,Colorado,367
OH,39,Ohio,CO,8,Colorado,368
CO,8,Colorado,AL,1,Alabama,369
CO,8,Colorado,OH,39,Ohio,370
CO,8,Colorado,MN,27,Minnesota,371
CO,8,Colorado,OK,40,Oklahoma,372
OK,40,Oklahoma,CO,8,Colorado,373
CO,8,Colorado,WI,55,Wisconsin,374
CO,8,Colorado,MN,27,Minnesota,375
CO,8,Colorado,NC,37,North Carolina,376
CO,8,Colorado,TX,48,Texas,377
WI,55,Wisconsin,CO,8,Colorado,378
NC,37,North Carolina,CO,8,Colorado,379
TX,48,Texas,CO,8,Colorado,380
CO,8,Colorado,MT,30,Montana,381
CO,8,Colorado,TX,48,Texas,382
KY,21,Kentucky,CO,8,Colorado,383
CO,8,Colorado,KY,21,Kentucky,384
CO,8,Colorado,UT,49,Utah,385
TX,48,Texas,CO,8,Colorado,386
MT,30,Montana,CO,8,Colorado,387
CO,8,Colorado,MT,30,Montana,388
CO,8,Colorado,MN,27,Minnesota,389
CO,8,Colorado,KY,21,Kentucky,390
IL,17,Illinois,CO,8,Colorado,391
KY,21,Kentucky,CO,8,Colorado,392
NM,35,New Mexico,CO,8,Colorado,393
TX,48,Texas,CO,8,Colorado,394
MT,30,Montana,CO,8,Colorado,395
CO,8,Colorado,TX,48,Texas,396
CO,8,Colorado,MT,30,Montana,397
CO,8,Colorado,KY,21,Kentucky,398
CO,8,Colorado,OH,39,Ohio,399
CO,8,Colorado,MI,26,Michigan,400
CO,8,Colorado,TX,48,Texas,401
CO,8,Colorado,CO,8,Colorado,402
CO,8,Colorado,CA,6,California,403
CO,8,Colorado,AZ,4,Arizona,404
CO,8,Colorado,CA,6,California,405
CO,8,Colorado,OR,41,Oregon,406
CO,8,Colorado,TX,48,Texas,407
CO,8,Colorado,OK,40,Oklahoma,408
IA,19,Iowa,CO,8,Colorado,409
CA,6,California,CO,8,Colorado,410
TX,48,Texas,CO,8,Colorado,411
CO,8,Colorado,CO,8,Colorado,412
CA,6,California,CO,8,Colorado,413
AZ,4,Arizona,CO,8,Colorado,414
SD,46,South Dakota,CO,8,Colorado,415
CA,6,California,CO,8,Colorado,416
MD,24,Maryland,CO,8,Colorado,417
NC,37,North Carolina,CO,8,Colorado,418
CO,8,Colorado,GA,13,Georgia,419
CO,8,Colorado,NJ,34,New Jersey,420
CO,8,Colorado,MO,29,Missouri,421
CO,8,Colorado,CA,6,California,422
OK,40,Oklahoma,CO,8,Colorado,423
IL,17,Illinois,CO,8,Colorado,424
CA,6,California,CO,8,Colorado,425
NC,37,North Carolina,CO,8,Colorado,426
NM,35,New Mexico,CO,8,Colorado,427
NY,36,New York,CO,8,Colorado,428
GA,13,Georgia,CO,8,Colorado,429
CT,9,Connecticut,CO,8,Colorado,430
CO,8,Colorado,SC,45,South Carolina,431
CO,8,Colorado,IN,18,Indiana,432
CO,8,Colorado,CA,6,California,433
CO,8,Colorado,MO,29,Missouri,434
CO,8,Colorado,LA,22,Louisiana,435
CO,8,Colorado,LA,22,Louisiana,436
CO,8,Colorado,NE,31,Nebraska,437
CO,8,Colorado,CA,6,California,438
CO,8,Colorado,VA,51,Virginia,439
CO,8,Colorado,TX,48,Texas,440
CO,8,Colorado,WA,53,Washington,441
CO,8,Colorado,CA,6,California,442
CO,8,Colorado,CA,6,California,443
CO,8,Colorado,AZ,4,Arizona,444
IN,18,Indiana,CO,8,Colorado,445
CA,6,California,CO,8,Colorado,446
LA,22,Louisiana,CO,8,Colorado,447
NE,31,Nebraska,CO,8,Colorado,448
CA,6,California,CO,8,Colorado,449
VA,51,Virginia,CO,8,Colorado,450
NM,35,New Mexico,CO,8,Colorado,451
AL,1,Alabama,CO,8,Colorado,452
OH,39,Ohio,CO,8,Colorado,453
CO,8,Colorado,NM,35,New Mexico,454
CO,8,Colorado,TN,47,Tennessee,455
CO,8,Colorado,TX,48,Texas,456
CO,8,Colorado,TN,47,Tennessee,457
CO,8,Colorado,OK,40,Oklahoma,458
CO,8,Colorado,AR,5,Arkansas,459
TX,48,Texas,CO,8,Colorado,460
IA,19,Iowa,CO,8,Colorado,461
TN,47,Tennessee,CO,8,Colorado,462
MN,27,Minnesota,CO,8,Colorado,463
LA,22,Louisiana,CO,8,Colorado,464
NE,31,Nebraska,CO,8,Colorado,465
TX,48,Texas,CO,8,Colorado,466
AR,5,Arkansas,CO,8,Colorado,467
IA,19,Iowa,CO,8,Colorado,468
CO,8,Colorado,IA,19,Iowa,469
CO,8,Colorado,IN,18,Indiana,470
IN,18,Indiana,CO,8,Colorado,471
MN,27,Minnesota,CO,8,Colorado,472
MT,30,Montana,CO,8,Colorado,473
CO,8,Colorado,MT,30,Montana,474
CO,8,Colorado,MO,29,Missouri,475
CO,8,Colorado,LA,22,Louisiana,476
CO,8,Colorado,AZ,4,Arizona,477
MO,29,Missouri,CO,8,Colorado,478
LA,22,Louisiana,CO,8,Colorado,479
AZ,4,Arizona,CO,8,Colorado,480
IL,17,Illinois,CO,8,Colorado,481
CA,6,California,CO,8,Colorado,482
CO,8,Colorado,CA,6,California,483
CA,6,California,CO,8,Colorado,484
CO,8,Colorado,TX,48,Texas,485
TX,48,Texas,CO,8,Colorado,486
NM,35,New Mexico,CO,8,Colorado,487
CO,8,Colorado,NM,35,New Mexico,488
CO,8,Colorado,TX,48,Texas,489
TX,48,Texas,CO,8,Colorado,490
CO,8,Colorado,WA,53,Washington,491
CO,8,Colorado,MT,30,Montana,492
CO,8,Colorado,MN,27,Minnesota,493
CO,8,Colorado,MO,29,Missouri,494
CO,8,Colorado,CA,6,California,495
WA,53,Washington,CO,8,Colorado,496
CA,6,California,CO,8,Colorado,497
MO,29,Missouri,CO,8,Colorado,498
MT,30,Montana,CO,8,Colorado,499
MN,27,Minnesota,CO,8,Colorado,500
NE,31,Nebraska,CO,8,Colorado,501
MO,29,Missouri,CO,8,Colorado,502
GA,13,Georgia,CO,8,Colorado,503
MT,30,Montana,CO,8,Colorado,504
IA,19,Iowa,CO,8,Colorado,505
OH,39,Ohio,CO,8,Colorado,506
OH,39,Ohio,CO,8,Colorado,507
KY,21,Kentucky,CO,8,Colorado,508
CO,8,Colorado,ID,16,Idaho,509
CO,8,Colorado,MT,30,Montana,510
CO,8,Colorado,NC,37,North Carolina,511
CO,8,Colorado,OH,39,Ohio,512
CO,8,Colorado,OH,39,Ohio,513
CO,8,Colorado,OR,41,Oregon,514
CO,8,Colorado,MT,30,Montana,515
CO,8,Colorado,HI,15,Hawaii,516
CO,8,Colorado,WI,55,Wisconsin,517
CO,8,Colorado,LA,22,Louisiana,518
CO,8,Colorado,PA,42,Pennsylvania,519
CO,8,Colorado,PA,42,Pennsylvania,520
CO,8,Colorado,NV,32,Nevada,521
CO,8,Colorado,CA,6,California,522
MI,26,Michigan,CO,8,Colorado,523
MT,30,Montana,CO,8,Colorado,524
HI,15,Hawaii,CO,8,Colorado,525
WI,55,Wisconsin,CO,8,Colorado,526
NV,32,Nevada,CO,8,Colorado,527
NM,35,New Mexico,CO,8,Colorado,528
SC,45,South Carolina,CO,8,Colorado,529
CO,8,Colorado,TX,48,Texas,530
CO,8,Colorado,VA,51,Virginia,531
CO,8,Colorado,CA,6,California,532
CO,8,Colorado,TX,48,Texas,533
CO,8,Colorado,CA,6,California,534
WI,55,Wisconsin,CO,8,Colorado,535
MN,27,Minnesota,CO,8,Colorado,536
VA,51,Virginia,CO,8,Colorado,537
TX,48,Texas,CO,8,Colorado,538
UT,49,Utah,CO,8,Colorado,539
AZ,4,Arizona,CO,8,Colorado,540
CO,8,Colorado,IN,18,Indiana,541
CO,8,Colorado,TX,48,Texas,542
TX,48,Texas,CO,8,Colorado,543
UT,49,Utah,CO,8,Colorado,544
CO,8,Colorado,WI,55,Wisconsin,545
CO,8,Colorado,CA,6,California,546
WI,55,Wisconsin,CO,8,Colorado,547
CA,6,California,CO,8,Colorado,548
CO,8,Colorado,MN,27,Minnesota,549
CO,8,Colorado,KS,20,Kansas,550
KS,20,Kansas,CO,8,Colorado,551
CO,8,Colorado,IL,17,Illinois,552
IL,17,Illinois,CO,8,Colorado,553
CO,8,Colorado,CA,6,California,554
CO,8,Colorado,KY,21,Kentucky,555
CO,8,Colorado,UT,49,Utah,556
UT,49,Utah,CO,8,Colorado,557
CO,8,Colorado,IA,19,Iowa,558
CO,8,Colorado,IN,18,Indiana,559
IN,18,Indiana,CO,8,Colorado,560
MT,30,Montana,CO,8,Colorado,561
CO,8,Colorado,GA,13,Georgia,562
CO,8,Colorado,MT,30,Montana,563
CO,8,Colorado,OH,39,Ohio,564
CO,8,Colorado,CO,8,Colorado,565
CO,8,Colorado,MT,30,Montana,566
CO,8,Colorado,KS,20,Kansas,567
CO,8,Colorado,MO,29,Missouri,568
CO,8,Colorado,TN,47,Tennessee,569
CO,8,Colorado,ND,38,North Dakota,570
CO,8,Colorado,NE,31,Nebraska,571
CO,8,Colorado,CA,6,California,572
CO,8,Colorado,CO,8,Colorado,573
MO,29,Missouri,CO,8,Colorado,574
TN,47,Tennessee,CO,8,Colorado,575
CA,6,California,CO,8,Colorado,576
UT,49,Utah,CO,8,Colorado,577
ID,16,Idaho,CO,8,Colorado,578
NC,37,North Carolina,CO,8,Colorado,579
CO,8,Colorado,MD,24,Maryland,580
CO,8,Colorado,IA,19,Iowa,581
CO,8,Colorado,NC,37,North Carolina,582
CO,8,Colorado,KY,21,Kentucky,583
CO,8,Colorado,NJ,34,New Jersey,584
CO,8,Colorado,WA,53,Washington,585
CO,8,Colorado,OR,41,Oregon,586
CO,8,Colorado,CA,6,California,587
CO,8,Colorado,CA,6,California,588
CO,8,Colorado,CA,6,California,589
CO,8,Colorado,AZ,4,Arizona,590
FL,12,Florida,CO,8,Colorado,591
WA,53,Washington,CO,8,Colorado,592
MO,29,Missouri,CO,8,Colorado,593
OK,40,Oklahoma,CO,8,Colorado,594
CA,6,California,CO,8,Colorado,595
OR,41,Oregon,CO,8,Colorado,596
WA,53,Washington,CO,8,Colorado,597
CA,6,California,CO,8,Colorado,598
AZ,4,Arizona,CO,8,Colorado,599
TN,47,Tennessee,CO,8,Colorado,600
CO,8,Colorado,CA,6,California,601
CO,8,Colorado,MN,27,Minnesota,602
CO,8,Colorado,MO,29,Missouri,603
TX,48,Texas,CO,8,Colorado,604
CA,6,California,CO,8,Colorado,605
OK,40,Oklahoma,CO,8,Colorado,606
PA,42,Pennsylvania,CO,8,Colorado,607
MO,29,Missouri,CO,8,Colorado,608
MO,29,Missouri,CO,8,Colorado,609
CO,8,Colorado,AZ,4,Arizona,610
AZ,4,Arizona,CO,8,Colorado,611
MN,27,Minnesota,CO,8,Colorado,612
CO,8,Colorado,IA,19,Iowa,613
WY,56,Wyoming,CO,8,Colorado,614
CO,8,Colorado,WY,56,Wyoming,615
CO,8,Colorado,TN,47,Tennessee,616
MN,27,Minnesota,CO,8,Colorado,617
CO,8,Colorado,IL,17,Illinois,618
IL,17,Illinois,CO,8,Colorado,619
GA,13,Georgia,CO,8,Colorado,620
OH,39,Ohio,CO,8,Colorado,621
CO,8,Colorado,CA,6,California,622
CO,8,Colorado,NC,37,North Carolina,623
CO,8,Colorado,OR,41,Oregon,624
CO,8,Colorado,OR,41,Oregon,625
IA,19,Iowa,CO,8,Colorado,626
MT,30,Montana,CO,8,Colorado,627
KS,20,Kansas,CO,8,Colorado,628
TN,47,Tennessee,CO,8,Colorado,629
ND,38,North Dakota,CO,8,Colorado,630
OR,41,Oregon,CO,8,Colorado,631
OR,41,Oregon,CO,8,Colorado,632
CA,6,California,CO,8,Colorado,633
OK,40,Oklahoma,CO,8,Colorado,634
AZ,4,Arizona,CO,8,Colorado,635
TX,48,Texas,CO,8,Colorado,636
CO,8,Colorado,MI,26,Michigan,637
CO,8,Colorado,MI,26,Michigan,638
CO,8,Colorado,IN,18,Indiana,639
CO,8,Colorado,MO,29,Missouri,640
CO,8,Colorado,WI,55,Wisconsin,641
CO,8,Colorado,LA,22,Louisiana,642
NJ,34,New Jersey,CO,8,Colorado,643
IN,18,Indiana,CO,8,Colorado,644
IN,18,Indiana,CO,8,Colorado,645
OR,41,Oregon,CO,8,Colorado,646
WI,55,Wisconsin,CO,8,Colorado,647
PA,42,Pennsylvania,CO,8,Colorado,648
CO,8,Colorado,FL,12,Florida,649
CO,8,Colorado,FL,12,Florida,650
CO,8,Colorado,MO,29,Missouri,651
CO,8,Colorado,CA,6,California,652
CO,8,Colorado,OK,40,Oklahoma,653
FL,12,Florida,CO,8,Colorado,654
CA,6,California,CO,8,Colorado,655
UT,49,Utah,CO,8,Colorado,656
GA,13,Georgia,CO,8,Colorado,657
CO,8,Colorado,GA,13,Georgia,658
CO,8,Colorado,TX,48,Texas,659
CO,8,Colorado,NE,31,Nebraska,660
CO,8,Colorado,KY,21,Kentucky,661
CO,8,Colorado,CO,8,Colorado,662
CO,8,Colorado,TN,47,Tennessee,663
CO,8,Colorado,TN,47,Tennessee,664
CO,8,Colorado,CO,8,Colorado,665
TN,47,Tennessee,CO,8,Colorado,666
CO,8,Colorado,SD,46,South Dakota,667
CO,8,Colorado,NV,32,Nevada,668
NV,32,Nevada,CO,8,Colorado,669
CO,8,Colorado,TN,47,Tennessee,670
TN,47,Tennessee,CO,8,Colorado,671
TX,48,Texas,CO,8,Colorado,672
CA,6,California,CO,8,Colorado,673
NC,37,North Carolina,CO,8,Colorado,674
CO,8,Colorado,CO,8,Colorado,675
CO,8,Colorado,VA,51,Virginia,676
VA,51,Virginia,CO,8,Colorado,677
MT,30,Montana,CO,8,Colorado,678
ID,16,Idaho,CO,8,Colorado,679
CA,6,California,CO,8,Colorado,680
CO,8,Colorado,MT,30,Montana,681
CO,8,Colorado,ID,16,Idaho,682
CO,8,Colorado,CA,6,California,683
CO,8,Colorado,IA,19,Iowa,684
CO,8,Colorado,OR,41,Oregon,685
CO,8,Colorado,OR,41,Oregon,686
CO,8,Colorado,WI,55,Wisconsin,687
CO,8,Colorado,OK,40,Oklahoma,688
CO,8,Colorado,PA,42,Pennsylvania,689
CO,8,Colorado,UT,49,Utah,690
IA,19,Iowa,CO,8,Colorado,691
OR,41,Oregon,CO,8,Colorado,692
MO,29,Missouri,CO,8,Colorado,693
WI,55,Wisconsin,CO,8,Colorado,694
PA,42,Pennsylvania,CO,8,Colorado,695
PA,42,Pennsylvania,CO,8,Colorado,696
OK,40,Oklahoma,CO,8,Colorado,697
TX,48,Texas,CO,8,Colorado,698
OH,39,Ohio,CO,8,Colorado,699
CO,8,Colorado,NJ,34,New Jersey,700
CO,8,Colorado,FL,12,Florida,701
CO,8,Colorado,NC,37,North Carolina,702
FL,12,Florida,CO,8,Colorado,703
OK,40,Oklahoma,CO,8,Colorado,704
IA,19,Iowa,CO,8,Colorado,705
CO,8,Colorado,CO,8,Colorado,706
SD,46,South Dakota,CO,8,Colorado,707
CO,8,Colorado,KY,21,Kentucky,708
KY,21,Kentucky,CO,8,Colorado,709
CO,8,Colorado,AZ,4,Arizona,710
AZ,4,Arizona,CO,8,Colorado,711
CO,8,Colorado,OH,39,Ohio,712
KY,21,Kentucky,CO,8,Colorado,713
CO,8,Colorado,AZ,4,Arizona,714
OK,40,Oklahoma,CO,8,Colorado,715
TX,48,Texas,CO,8,Colorado,716
CO,8,Colorado,TX,48,Texas,717
CO,8,Colorado,CT,9,Connecticut,718
CO,8,Colorado,MI,26,Michigan,719
CO,8,Colorado,FL,12,Florida,720
CO,8,Colorado,NY,36,New York,721
CO,8,Colorado,WI,55,Wisconsin,722
CO,8,Colorado,MN,27,Minnesota,723
CO,8,Colorado,WA,53,Washington,724
CO,8,Colorado,OK,40,Oklahoma,725
OR,41,Oregon,CO,8,Colorado,726
LA,22,Louisiana,CO,8,Colorado,727
UT,49,Utah,CO,8,Colorado,728
CO,8,Colorado,WA,53,Washington,729
CO,8,Colorado,TX,48,Texas,730
CO,8,Colorado,CA,6,California,731
CO,8,Colorado,OK,40,Oklahoma,732
CO,8,Colorado,AZ,4,Arizona,733
CO,8,Colorado,CA,6,California,734
NV,32,Nevada,CO,8,Colorado,735
MO,29,Missouri,CO,8,Colorado,736
NC,37,North Carolina,CO,8,Colorado,737
TN,47,Tennessee,CO,8,Colorado,738
CO,8,Colorado,CA,6,California,739
CA,6,California,CO,8,Colorado,740
CO,8,Colorado,CA,6,California,741
CO,8,Colorado,CO,8,Colorado,742
CO,8,Colorado,CO,8,Colorado,743
CO,8,Colorado,CO,8,Colorado,744
AZ,4,Arizona,CO,8,Colorado,745
CO,8,Colorado,AZ,4,Arizona,746
CO,8,Colorado,NV,32,Nevada,747
CO,8,Colorado,CA,6,California,748
NV,32,Nevada,CO,8,Colorado,749
CA,6,California,CO,8,Colorado,750
MO,29,Missouri,CO,8,Colorado,751
CO,8,Colorado,MO,29,Missouri,752
CO,8,Colorado,IA,19,Iowa,753
CO,8,Colorado,MT,30,Montana,754
CO,8,Colorado,OK,40,Oklahoma,755
CO,8,Colorado,OK,40,Oklahoma,756
MT,30,Montana,CO,8,Colorado,757
CO,8,Colorado,CO,8,Colorado,758
OR,41,Oregon,CO,8,Colorado,759
MD,24,Maryland,CO,8,Colorado,760
CO,8,Colorado,IN,18,Indiana,761
CO,8,Colorado,OR,41,Oregon,762
MI,26,Michigan,CO,8,Colorado,763
OR,41,Oregon,CO,8,Colorado,764
IN,18,Indiana,CO,8,Colorado,765
WI,55,Wisconsin,CO,8,Colorado,766
CO,8,Colorado,GA,13,Georgia,767
CO,8,Colorado,CT,9,Connecticut,768
IN,18,Indiana,CO,8,Colorado,769
MN,27,Minnesota,CO,8,Colorado,770
TX,48,Texas,CO,8,Colorado,771
CO,8,Colorado,VA,51,Virginia,772
KY,21,Kentucky,CO,8,Colorado,773
OH,39,Ohio,CO,8,Colorado,774
CO,8,Colorado,CA,6,California,775
CO,8,Colorado,OH,39,Ohio,776
CO,8,Colorado,AZ,4,Arizona,777
MO,29,Missouri,CO,8,Colorado,778
CT,9,Connecticut,CO,8,Colorado,779
CO,8,Colorado,MD,24,Maryland,780
CO,8,Colorado,IA,19,Iowa,781
CO,8,Colorado,SD,46,South Dakota,782
CO,8,Colorado,CA,6,California,783
IA,19,Iowa,CO,8,Colorado,784
VA,51,Virginia,CO,8,Colorado,785
LA,22,Louisiana,CO,8,Colorado,786
CA,6,California,CO,8,Colorado,787
CA,6,California,CO,8,Colorado,788
CO,8,Colorado,OH,39,Ohio,789
CO,8,Colorado,NV,32,Nevada,790
CO,8,Colorado,MN,27,Minnesota,791
CO,8,Colorado,KY,21,Kentucky,792
OK,40,Oklahoma,CO,8,Colorado,793
KY,21,Kentucky,CO,8,Colorado,794
CA,6,California,CO,8,Colorado,795
TX,48,Texas,CO,8,Colorado,796
VA,51,Virginia,CO,8,Colorado,797
CO,8,Colorado,IA,19,Iowa,798
IA,19,Iowa,CO,8,Colorado,799
CO,8,Colorado,TN,47,Tennessee,800
TN,47,Tennessee,CO,8,Colorado,801
CO,8,Colorado,OK,40,Oklahoma,802
OK,40,Oklahoma,CO,8,Colorado,803
CO,8,Colorado,CO,8,Colorado,804
CO,8,Colorado,CO,8,Colorado,805
CO,8,Colorado,AZ,4,Arizona,806
AZ,4,Arizona,CO,8,Colorado,807
CO,8,Colorado,NY,36,New York,808
OK,40,Oklahoma,CO,8,Colorado,809
MD,24,Maryland,CO,8,Colorado,810
CO,8,Colorado,OR,41,Oregon,811
CO,8,Colorado,VA,51,Virginia,812
CO,8,Colorado,LA,22,Louisiana,813
CO,8,Colorado,NE,31,Nebraska,814
CO,8,Colorado,CA,6,California,815
CO,8,Colorado,CA,6,California,816
SD,46,South Dakota,CO,8,Colorado,817
CO,8,Colorado,VA,51,Virginia,818
CA,6,California,CO,8,Colorado,819
MO,29,Missouri,CO,8,Colorado,820
AZ,4,Arizona,CO,8,Colorado,821
CO,8,Colorado,CA,6,California,822
CA,6,California,CO,8,Colorado,823
CO,8,Colorado,MI,26,Michigan,824
CO,8,Colorado,NY,36,New York,825
NY,36,New York,CO,8,Colorado,826
CO,8,Colorado,TX,48,Texas,827
TX,48,Texas,CO,8,Colorado,828
CO,8,Colorado,OR,41,Oregon,829
CO,8,Colorado,MN,27,Minnesota,830
CO,8,Colorado,NC,37,North Carolina,831
CO,8,Colorado,WA,53,Washington,832
TX,48,Texas,CO,8,Colorado,833
WI,55,Wisconsin,CO,8,Colorado,834
MN,27,Minnesota,CO,8,Colorado,835
CA,6,California,CO,8,Colorado,836
CO,8,Colorado,TN,47,Tennessee,837
CA,6,California,CO,8,Colorado,838
MO,29,Missouri,CO,8,Colorado,839
KY,21,Kentucky,CO,8,Colorado,840
CO,8,Colorado,KY,21,Kentucky,841
NY,36,New York,CO,8,Colorado,842
CO,8,Colorado,UT,49,Utah,843
IL,17,Illinois,CO,8,Colorado,844
CO,8,Colorado,MT,30,Montana,845
CO,8,Colorado,IA,19,Iowa,846
CO,8,Colorado,WI,55,Wisconsin,847
CO,8,Colorado,NE,31,Nebraska,848
CO,8,Colorado,CA,6,California,849
CO,8,Colorado,FL,12,Florida,850
FL,12,Florida,CO,8,Colorado,851
NC,37,North Carolina,CO,8,Colorado,852
CA,6,California,CO,8,Colorado,853
MT,30,Montana,CO,8,Colorado,854
IA,19,Iowa,CO,8,Colorado,855
CO,8,Colorado,MT,30,Montana,856
CO,8,Colorado,IA,19,Iowa,857
CO,8,Colorado,NC,37,North Carolina,858
CO,8,Colorado,WA,53,Washington,859
NC,37,North Carolina,CO,8,Colorado,860
WA,53,Washington,CO,8,Colorado,861
CA,6,California,CO,8,Colorado,862
IA,19,Iowa,CO,8,Colorado,863
MT,30,Montana,CO,8,Colorado,864
CO,8,Colorado,TX,48,Texas,865
CO,8,Colorado,CA,6,California,866
IA,19,Iowa,CO,8,Colorado,867
TX,48,Texas,CO,8,Colorado,868
NE,31,Nebraska,CO,8,Colorado,869
CA,6,California,CO,8,Colorado,870
CA,6,California,CO,8,Colorado,871
TX,48,Texas,CO,8,Colorado,872
FL,12,Florida,CO,8,Colorado,873
TN,47,Tennessee,CO,8,Colorado,874
CO,8,Colorado,TN,47,Tennessee,875
CO,8,Colorado,WA,53,Washington,876
OR,41,Oregon,CO,8,Colorado,877
WA,53,Washington,CO,8,Colorado,878
NM,35,New Mexico,CO,8,Colorado,879
CO,8,Colorado,PA,42,Pennsylvania,880
NE,31,Nebraska,CO,8,Colorado,881
PA,42,Pennsylvania,CO,8,Colorado,882
IA,19,Iowa,CO,8,Colorado,883
CO,8,Colorado,WI,55,Wisconsin,884
WI,55,Wisconsin,CO,8,Colorado,885
CO,8,Colorado,TN,47,Tennessee,886
CO,8,Colorado,MT,30,Montana,887
CO,8,Colorado,AR,5,Arkansas,888
AR,5,Arkansas,CO,8,Colorado,889
CO,8,Colorado,WA,53,Washington,890
WA,53,Washington,CO,8,Colorado,891
MI,26,Michigan,CO,8,Colorado,892
CO,8,Colorado,IL,17,Illinois,893
CO,8,Colorado,NM,35,New Mexico,894
NV,32,Nevada,CO,8,Colorado,895
NY,36,New York,CO,8,Colorado,896
WA,53,Washington,CO,8,Colorado,897
CA,6,California,CO,8,Colorado,898
TN,47,Tennessee,CO,8,Colorado,899
TN,47,Tennessee,CO,8,Colorado,900
CO,8,Colorado,TN,47,Tennessee,901
CO,8,Colorado,MT,30,Montana,902
CO,8,Colorado,TN,47,Tennessee,903
MT,30,Montana,CO,8,Colorado,904
TN,47,Tennessee,CO,8,Colorado,905
CO,8,Colorado,CA,6,California,906
CO,8,Colorado,TN,47,Tennessee,907
TN,47,Tennessee,CO,8,Colorado,908
TN,47,Tennessee,CO,8,Colorado,909
TN,47,Tennessee,CO,8,Colorado,910
MT,30,Montana,CO,8,Colorado,911
AR,5,Arkansas,CO,8,Colorado,912
CO,8,Colorado,AZ,4,Arizona,913
AZ,4,Arizona,CO,8,Colorado,914
CO,8,Colorado,MN,27,Minnesota,915
MI,26,Michigan,CO,8,Colorado,916
OK,40,Oklahoma,CO,8,Colorado,917
NM,35,New Mexico,CO,8,Colorado,918
CO,8,Colorado,MO,29,Missouri,919
CO,8,Colorado,CA,6,California,920
TX,48,Texas,CO,8,Colorado,921
CA,6,California,CO,8,Colorado,922
OH,39,Ohio,CO,8,Colorado,923
CO,8,Colorado,NM,35,New Mexico,924
CO,8,Colorado,OH,39,Ohio,925
CO,8,Colorado,IN,18,Indiana,926
CO,8,Colorado,NV,32,Nevada,927
OR,41,Oregon,CO,8,Colorado,928
LA,22,Louisiana,CO,8,Colorado,929
PA,42,Pennsylvania,CO,8,Colorado,930
CA,6,California,CO,8,Colorado,931
CO,8,Colorado,TX,48,Texas,932
CO,8,Colorado,OR,41,Oregon,933
CO,8,Colorado,WA,53,Washington,934
OR,41,Oregon,CO,8,Colorado,935
WA,53,Washington,CO,8,Colorado,936
CO,8,Colorado,IL,17,Illinois,937
CO,8,Colorado,TX,48,Texas,938
CO,8,Colorado,OR,41,Oregon,939
CO,8,Colorado,AR,5,Arkansas,940
OR,41,Oregon,CO,8,Colorado,941
KS,20,Kansas,CO,8,Colorado,942
NM,35,New Mexico,CO,8,Colorado,943
CO,8,Colorado,MD,24,Maryland,944
CO,8,Colorado,OH,39,Ohio,945
CO,8,Colorado,TX,48,Texas,946
CO,8,Colorado,PA,42,Pennsylvania,947
CO,8,Colorado,CA,6,California,948
CO,8,Colorado,CA,6,California,949
CO,8,Colorado,UT,49,Utah,950
CO,8,Colorado,MO,29,Missouri,951
UT,49,Utah,CO,8,Colorado,952
FL,12,Florida,CO,8,Colorado,953
CO,8,Colorado,NV,32,Nevada,954
CO,8,Colorado,OK,40,Oklahoma,955
CO,8,Colorado,CO,8,Colorado,956
CO,8,Colorado,CO,8,Colorado,957
IA,19,Iowa,CO,8,Colorado,958
MT,30,Montana,CO,8,Colorado,959
CO,8,Colorado,MT,30,Montana,960
CO,8,Colorado,CA,6,California,961
CA,6,California,CO,8,Colorado,962
IL,17,Illinois,CO,8,Colorado,963
CO,8,Colorado,KS,20,Kansas,964
CO,8,Colorado,KY,21,Kentucky,965
SD,46,South Dakota,CO,8,Colorado,966
CT,9,Connecticut,CO,8,Colorado,967
MT,30,Montana,CO,8,Colorado,968
CO,8,Colorado,MT,30,Montana,969
CO,8,Colorado,OR,41,Oregon,970
CO,8,Colorado,LA,22,Louisiana,971
CO,8,Colorado,AZ,4,Arizona,972
CO,8,Colorado,NV,32,Nevada,973
CO,8,Colorado,TX,48,Texas,974
CO,8,Colorado,CA,6,California,975
SD,46,South Dakota,CO,8,Colorado,976
WA,53,Washington,CO,8,Colorado,977
NV,32,Nevada,CO,8,Colorado,978
CA,6,California,CO,8,Colorado,979
FL,12,Florida,CO,8,Colorado,980
NM,35,New Mexico,CO,8,Colorado,981
CO,8,Colorado,NM,35,New Mexico,982
CO,8,Colorado,OH,39,Ohio,983
CO,8,Colorado,UT,49,Utah,984
MO,29,Missouri,CO,8,Colorado,985
CO,8,Colorado,IL,17,Illinois,986
TX,48,Texas,CO,8,Colorado,987
CO,8,Colorado,TX,48,Texas,988
TN,47,Tennessee,CO,8,Colorado,989
GA,13,Georgia,CO,8,Colorado,990
CO,8,Colorado,IL,17,Illinois,991
CO,8,Colorado,LA,22,Louisiana,992
CO,8,Colorado,UT,49,Utah,993
OH,39,Ohio,CO,8,Colorado,994
CO,8,Colorado,MO,29,Missouri,995
CO,8,Colorado,AR,5,Arkansas,996
TX,48,Texas,CO,8,Colorado,997
CA,6,California,CO,8,Colorado,998
AZ,4,Arizona,CO,8,Colorado,999
TX,48,Texas,CO,8,Colorado,1000
TX,48,Texas,CO,8,Colorado,1001
NC,37,North Carolina,CO,8,Colorado,1002
CO,8,Colorado,NC,37,North Carolina,1003
CO,8,Colorado,SD,46,South Dakota,1004
CO,8,Colorado,SD,46,South Dakota,1005
CO,8,Colorado,WA,53,Washington,1006
CO,8,Colorado,MO,29,Missouri,1007
CO,8,Colorado,OK,40,Oklahoma,1008
CO,8,Colorado,PA,42,Pennsylvania,1009
CO,8,Colorado,CA,6,California,1010
CO,8,Colorado,TX,48,Texas,1011
SD,46,South Dakota,CO,8,Colorado,1012
CO,8,Colorado,OH,39,Ohio,1013
CO,8,Colorado,IA,19,Iowa,1014
IA,19,Iowa,CO,8,Colorado,1015
IL,17,Illinois,CO,8,Colorado,1016
MN,27,Minnesota,CO,8,Colorado,1017
CO,8,Colorado,KS,20,Kansas,1018
ID,16,Idaho,CO,8,Colorado,1019
CO,8,Colorado,NM,35,New Mexico,1020
CO,8,Colorado,MO,29,Missouri,1021
UT,49,Utah,CO,8,Colorado,1022
GA,13,Georgia,CO,8,Colorado,1023
CO,8,Colorado,FL,12,Florida,1024
CO,8,Colorado,MN,27,Minnesota,1025
CO,8,Colorado,CA,6,California,1026
CO,8,Colorado,OR,41,Oregon,1027
CO,8,Colorado,WA,53,Washington,1028
CO,8,Colorado,CA,6,California,1029
CO,8,Colorado,FL,12,Florida,1030
MI,26,Michigan,CO,8,Colorado,1031
MO,29,Missouri,CO,8,Colorado,1032
CA,6,California,CO,8,Colorado,1033
PA,42,Pennsylvania,CO,8,Colorado,1034
PA,42,Pennsylvania,CO,8,Colorado,1035
MO,29,Missouri,CO,8,Colorado,1036
FL,12,Florida,CO,8,Colorado,1037
CO,8,Colorado,CT,9,Connecticut,1038
CO,8,Colorado,NV,32,Nevada,1039
CO,8,Colorado,KY,21,Kentucky,1040
CO,8,Colorado,UT,49,Utah,1041
CO,8,Colorado,MO,29,Missouri,1042
NM,35,New Mexico,CO,8,Colorado,1043
NM,35,New Mexico,CO,8,Colorado,1044
CO,8,Colorado,KY,21,Kentucky,1045
CO,8,Colorado,CO,8,Colorado,1046
MO,29,Missouri,CO,8,Colorado,1047
CO,8,Colorado,CA,6,California,1048
TX,48,Texas,CO,8,Colorado,1049
ND,38,North Dakota,CO,8,Colorado,1050
AR,5,Arkansas,CO,8,Colorado,1051
NE,31,Nebraska,CO,8,Colorado,1052
CO,8,Colorado,CT,9,Connecticut,1053
CO,8,Colorado,NE,31,Nebraska,1054
CO,8,Colorado,VA,51,Virginia,1055
CO,8,Colorado,CA,6,California,1056
CO,8,Colorado,CA,6,California,1057
FL,12,Florida,CO,8,Colorado,1058
MN,27,Minnesota,CO,8,Colorado,1059
LA,22,Louisiana,CO,8,Colorado,1060
NE,31,Nebraska,CO,8,Colorado,1061
OR,41,Oregon,CO,8,Colorado,1062
VA,51,Virginia,CO,8,Colorado,1063
TX,48,Texas,CO,8,Colorado,1064
CA,6,California,CO,8,Colorado,1065
OH,39,Ohio,CO,8,Colorado,1066
CO,8,Colorado,OH,39,Ohio,1067
CO,8,Colorado,NY,36,New York,1068
CO,8,Colorado,OH,39,Ohio,1069
ND,38,North Dakota,CO,8,Colorado,1070
CO,8,Colorado,ND,38,North Dakota,1071
NM,35,New Mexico,CO,8,Colorado,1072
CO,8,Colorado,TN,47,Tennessee,1073
NM,35,New Mexico,CO,8,Colorado,1074
CO,8,Colorado,WY,56,Wyoming,1075
TN,47,Tennessee,CO,8,Colorado,1076
CO,8,Colorado,NV,32,Nevada,1077
CO,8,Colorado,CO,8,Colorado,1078
CO,8,Colorado,NE,31,Nebraska,1079
CO,8,Colorado,SD,46,South Dakota,1080
NM,35,New Mexico,CO,8,Colorado,1081
GA,13,Georgia,CO,8,Colorado,1082
CA,6,California,CO,8,Colorado,1083
KY,21,Kentucky,CO,8,Colorado,1084
CO,8,Colorado,NM,35,New Mexico,1085
CO,8,Colorado,TX,48,Texas,1086
CO,8,Colorado,CA,6,California,1087
CO,8,Colorado,AZ,4,Arizona,1088
SD,46,South Dakota,CO,8,Colorado,1089
MO,29,Missouri,CO,8,Colorado,1090
OR,41,Oregon,CO,8,Colorado,1091
CA,6,California,CO,8,Colorado,1092
CA,6,California,CO,8,Colorado,1093
ID,16,Idaho,CO,8,Colorado,1094
CO,8,Colorado,ID,16,Idaho,1095
CO,8,Colorado,WY,56,Wyoming,1096
OK,40,Oklahoma,CO,8,Colorado,1097
OK,40,Oklahoma,CO,8,Colorado,1098
PA,42,Pennsylvania,CO,8,Colorado,1099
AZ,4,Arizona,CO,8,Colorado,1100
CA,6,California,CO,8,Colorado,1101
SC,45,South Carolina,CO,8,Colorado,1102
CO,8,Colorado,ID,16,Idaho,1103
CO,8,Colorado,SC,45,South Carolina,1104
MI,26,Michigan,CO,8,Colorado,1105
KY,21,Kentucky,CO,8,Colorado,1106
AZ,4,Arizona,CO,8,Colorado,1107
OH,39,Ohio,CO,8,Colorado,1108
TX,48,Texas,CO,8,Colorado,1109
CO,8,Colorado,TN,47,Tennessee,1110
TN,47,Tennessee,CO,8,Colorado,1111
TX,48,Texas,CO,8,Colorado,1112
CO,8,Colorado,TX,48,Texas,1113
KY,21,Kentucky,CO,8,Colorado,1114
CO,8,Colorado,KY,21,Kentucky,1115
CO,8,Colorado,MO,29,Missouri,1116
KS,20,Kansas,CO,8,Colorado,1117
CA,6,California,CO,8,Colorado,1118
CO,8,Colorado,CA,6,California,1119
TX,48,Texas,CO,8,Colorado,1120
OK,40,Oklahoma,CO,8,Colorado,1121
ID,16,Idaho,CO,8,Colorado,1122
CO,8,Colorado,TX,48,Texas,1123
CO,8,Colorado,TX,48,Texas,1124
CO,8,Colorado,TX,48,Texas,1125
CO,8,Colorado,FL,12,Florida,1126
CO,8,Colorado,KS,20,Kansas,1127
CO,8,Colorado,HI,15,Hawaii,1128
CO,8,Colorado,HI,15,Hawaii,1129
CO,8,Colorado,FL,12,Florida,1130
FL,12,Florida,CO,8,Colorado,1131
KS,20,Kansas,CO,8,Colorado,1132
WY,56,Wyoming,CO,8,Colorado,1133
HI,15,Hawaii,CO,8,Colorado,1134
HI,15,Hawaii,CO,8,Colorado,1135
OK,40,Oklahoma,CO,8,Colorado,1136
ID,16,Idaho,CO,8,Colorado,1137
CO,8,Colorado,FL,12,Florida,1138
FL,12,Florida,CO,8,Colorado,1139
CA,6,California,CO,8,Colorado,1140
CA,6,California,CO,8,Colorado,1141
TX,48,Texas,CO,8,Colorado,1142
CO,8,Colorado,TX,48,Texas,1143
KY,21,Kentucky,CO,8,Colorado,1144
OK,40,Oklahoma,CO,8,Colorado,1145
CO,8,Colorado,SD,46,South Dakota,1146
SD,46,South Dakota,CO,8,Colorado,1147
WY,56,Wyoming,CO,8,Colorado,1148
CO,8,Colorado,TX,48,Texas,1149
CO,8,Colorado,CO,8,Colorado,1150
KY,21,Kentucky,CO,8,Colorado,1151
CO,8,Colorado,OR,41,Oregon,1152
CA,6,California,CO,8,Colorado,1153
MA,25,Massachusetts,CO,8,Colorado,1154
NC,37,North Carolina,CO,8,Colorado,1155
CO,8,Colorado,GA,13,Georgia,1156
CO,8,Colorado,ID,16,Idaho,1157
CO,8,Colorado,NC,37,North Carolina,1158
CO,8,Colorado,CA,6,California,1159
TX,48,Texas,CO,8,Colorado,1160
MN,27,Minnesota,CO,8,Colorado,1161
CA,6,California,CO,8,Colorado,1162
TX,48,Texas,CO,8,Colorado,1163
CA,6,California,CO,8,Colorado,1164
CO,8,Colorado,OK,40,Oklahoma,1165
CO,8,Colorado,UT,49,Utah,1166
CO,8,Colorado,MO,29,Missouri,1167
NV,32,Nevada,CO,8,Colorado,1168
UT,49,Utah,CO,8,Colorado,1169
MO,29,Missouri,CO,8,Colorado,1170
CO,8,Colorado,NM,35,New Mexico,1171
TN,47,Tennessee,CO,8,Colorado,1172
OK,40,Oklahoma,CO,8,Colorado,1173
CO,8,Colorado,TX,48,Texas,1174
TN,47,Tennessee,CO,8,Colorado,1175
CO,8,Colorado,AL,1,Alabama,1176
CO,8,Colorado,SD,46,South Dakota,1177
CO,8,Colorado,CA,6,California,1178
CO,8,Colorado,LA,22,Louisiana,1179
IA,19,Iowa,CO,8,Colorado,1180
ND,38,North Dakota,CO,8,Colorado,1181
NE,31,Nebraska,CO,8,Colorado,1182
LA,22,Louisiana,CO,8,Colorado,1183
CO,8,Colorado,OK,40,Oklahoma,1184
AZ,4,Arizona,CO,8,Colorado,1185
CA,6,California,CO,8,Colorado,1186
TX,48,Texas,CO,8,Colorado,1187
CO,8,Colorado,PA,42,Pennsylvania,1188
CO,8,Colorado,PA,42,Pennsylvania,1189
FL,12,Florida,CO,8,Colorado,1190
WA,53,Washington,CO,8,Colorado,1191
CO,8,Colorado,NV,32,Nevada,1192
CO,8,Colorado,IN,18,Indiana,1193
CO,8,Colorado,NV,32,Nevada,1194
IN,18,Indiana,CO,8,Colorado,1195
NV,32,Nevada,CO,8,Colorado,1196
CO,8,Colorado,NM,35,New Mexico,1197
CO,8,Colorado,MN,27,Minnesota,1198
MN,27,Minnesota,CO,8,Colorado,1199
CO,8,Colorado,MO,29,Missouri,1200
CO,8,Colorado,CO,8,Colorado,1201
CO,8,Colorado,CO,8,Colorado,1202
NM,35,New Mexico,CO,8,Colorado,1203
CO,8,Colorado,NM,35,New Mexico,1204
CO,8,Colorado,CO,8,Colorado,1205
CO,8,Colorado,MO,29,Missouri,1206
CO,8,Colorado,MT,30,Montana,1207
NE,31,Nebraska,CO,8,Colorado,1208
TN,47,Tennessee,CO,8,Colorado,1209
CO,8,Colorado,TN,47,Tennessee,1210
CO,8,Colorado,ND,38,North Dakota,1211
CO,8,Colorado,NE,31,Nebraska,1212
CO,8,Colorado,NE,31,Nebraska,1213
CA,6,California,CO,8,Colorado,1214
CO,8,Colorado,MD,24,Maryland,1215
CO,8,Colorado,AZ,4,Arizona,1216
CO,8,Colorado,TX,48,Texas,1217
CO,8,Colorado,CA,6,California,1218
AZ,4,Arizona,CO,8,Colorado,1219
TX,48,Texas,CO,8,Colorado,1220
NY,36,New York,CO,8,Colorado,1221
CT,9,Connecticut,CO,8,Colorado,1222
MA,25,Massachusetts,CO,8,Colorado,1223
CO,8,Colorado,MI,26,Michigan,1224
NV,32,Nevada,CO,8,Colorado,1225
CO,8,Colorado,CO,8,Colorado,1226
CO,8,Colorado,TX,48,Texas,1227
CO,8,Colorado,TN,47,Tennessee,1228
CO,8,Colorado,PA,42,Pennsylvania,1229
CO,8,Colorado,AZ,4,Arizona,1230
CO,8,Colorado,TX,48,Texas,1231
CA,6,California,CO,8,Colorado,1232
FL,12,Florida,CO,8,Colorado,1233
AZ,4,Arizona,CO,8,Colorado,1234
CO,8,Colorado,MI,26,Michigan,1235
CO,8,Colorado,OK,40,Oklahoma,1236
MT,30,Montana,CO,8,Colorado,1237
AL,1,Alabama,CO,8,Colorado,1238
CO,8,Colorado,IL,17,Illinois,1239
CO,8,Colorado,NE,31,Nebraska,1240
NE,31,Nebraska,CO,8,Colorado,1241
TX,48,Texas,CO,8,Colorado,1242
VA,51,Virginia,CO,8,Colorado,1243
CO,8,Colorado,VA,51,Virginia,1244
CO,8,Colorado,PA,42,Pennsylvania,1245
CO,8,Colorado,NC,37,North Carolina,1246
CO,8,Colorado,TX,48,Texas,1247
OR,41,Oregon,CO,8,Colorado,1248
NC,37,North Carolina,CO,8,Colorado,1249
TX,48,Texas,CO,8,Colorado,1250
CO,8,Colorado,MI,26,Michigan,1251
CO,8,Colorado,FL,12,Florida,1252
FL,12,Florida,CO,8,Colorado,1253
TX,48,Texas,CO,8,Colorado,1254
CO,8,Colorado,TX,48,Texas,1255
CO,8,Colorado,ND,38,North Dakota,1256
CO,8,Colorado,IL,17,Illinois,1257
CO,8,Colorado,CA,6,California,1258
CO,8,Colorado,FL,12,Florida,1259
TX,48,Texas,CO,8,Colorado,1260
CO,8,Colorado,TX,48,Texas,1261
CO,8,Colorado,KS,20,Kansas,1262
TX,48,Texas,CO,8,Colorado,1263
CO,8,Colorado,GA,13,Georgia,1264
CO,8,Colorado,WA,53,Washington,1265
CO,8,Colorado,CA,6,California,1266
CO,8,Colorado,AZ,4,Arizona,1267
CO,8,Colorado,CA,6,California,1268
CA,6,California,CO,8,Colorado,1269
CO,8,Colorado,MI,26,Michigan,1270
CO,8,Colorado,IN,18,Indiana,1271
NJ,34,New Jersey,CO,8,Colorado,1272
MI,26,Michigan,CO,8,Colorado,1273
AL,1,Alabama,CO,8,Colorado,1274
GA,13,Georgia,CO,8,Colorado,1275
CO,8,Colorado,OH,39,Ohio,1276
CO,8,Colorado,OR,41,Oregon,1277
CO,8,Colorado,CA,6,California,1278
VA,51,Virginia,CO,8,Colorado,1279
CA,6,California,CO,8,Colorado,1280
CO,8,Colorado,TX,48,Texas,1281
CO,8,Colorado,CA,6,California,1282
CO,8,Colorado,CA,6,California,1283
TX,48,Texas,CO,8,Colorado,1284
MI,26,Michigan,CO,8,Colorado,1285
CA,6,California,CO,8,Colorado,1286
MN,27,Minnesota,CO,8,Colorado,1287
CA,6,California,CO,8,Colorado,1288
TX,48,Texas,CO,8,Colorado,1289
CO,8,Colorado,AZ,4,Arizona,1290
AZ,4,Arizona,CO,8,Colorado,1291
CO,8,Colorado,WA,53,Washington,1292
WA,53,Washington,CO,8,Colorado,1293
WY,56,Wyoming,CO,8,Colorado,1294
CO,8,Colorado,WY,56,Wyoming,1295
CO,8,Colorado,AZ,4,Arizona,1296
AZ,4,Arizona,CO,8,Colorado,1297
GA,13,Georgia,CO,8,Colorado,1298
CO,8,Colorado,GA,13,Georgia,1299
MI,26,Michigan,CO,8,Colorado,1300
CO,8,Colorado,CO,8,Colorado,1301
CO,8,Colorado,CO,8,Colorado,1302
MT,30,Montana,CO,8,Colorado,1303
CO,8,Colorado,TX,48,Texas,1304
CO,8,Colorado,ID,16,Idaho,1305
CO,8,Colorado,ID,16,Idaho,1306
CO,8,Colorado,CA,6,California,1307
CO,8,Colorado,MT,30,Montana,1308
MT,30,Montana,CO,8,Colorado,1309
TX,48,Texas,CO,8,Colorado,1310
ND,38,North Dakota,CO,8,Colorado,1311
CO,8,Colorado,HI,15,Hawaii,1312
WA,53,Washington,CO,8,Colorado,1313
HI,15,Hawaii,CO,8,Colorado,1314
TX,48,Texas,CO,8,Colorado,1315
KS,20,Kansas,CO,8,Colorado,1316
IN,18,Indiana,CO,8,Colorado,1317
WA,53,Washington,CO,8,Colorado,1318
CO,8,Colorado,NY,36,New York,1319
CO,8,Colorado,CA,6,California,1320
PA,42,Pennsylvania,CO,8,Colorado,1321
FL,12,Florida,CO,8,Colorado,1322
CO,8,Colorado,TN,47,Tennessee,1323
TX,48,Texas,CO,8,Colorado,1324
OH,39,Ohio,CO,8,Colorado,1325
NC,37,North Carolina,CO,8,Colorado,1326
OH,39,Ohio,CO,8,Colorado,1327
CO,8,Colorado,FL,12,Florida,1328
CO,8,Colorado,AZ,4,Arizona,1329
CO,8,Colorado,GA,13,Georgia,1330
CO,8,Colorado,GA,13,Georgia,1331
CO,8,Colorado,TX,48,Texas,1332
CO,8,Colorado,OH,39,Ohio,1333
CO,8,Colorado,NC,37,North Carolina,1334
CO,8,Colorado,TX,48,Texas,1335
CO,8,Colorado,VA,51,Virginia,1336
CO,8,Colorado,NV,32,Nevada,1337
CO,8,Colorado,NY,36,New York,1338
CO,8,Colorado,TN,47,Tennessee,1339
CO,8,Colorado,FL,12,Florida,1340
CO,8,Colorado,LA,22,Louisiana,1341
CO,8,Colorado,NE,31,Nebraska,1342
CO,8,Colorado,OR,41,Oregon,1343
CO,8,Colorado,PA,42,Pennsylvania,1344
CO,8,Colorado,PA,42,Pennsylvania,1345
CO,8,Colorado,PA,42,Pennsylvania,1346
CO,8,Colorado,CA,6,California,1347
CO,8,Colorado,WA,53,Washington,1348
CO,8,Colorado,UT,49,Utah,1349
CO,8,Colorado,MO,29,Missouri,1350
CO,8,Colorado,FL,12,Florida,1351
TX,48,Texas,CO,8,Colorado,1352
NV,32,Nevada,CO,8,Colorado,1353
NY,36,New York,CO,8,Colorado,1354
FL,12,Florida,CO,8,Colorado,1355
TN,47,Tennessee,CO,8,Colorado,1356
FL,12,Florida,CO,8,Colorado,1357
LA,22,Louisiana,CO,8,Colorado,1358
NE,31,Nebraska,CO,8,Colorado,1359
OR,41,Oregon,CO,8,Colorado,1360
PA,42,Pennsylvania,CO,8,Colorado,1361
PA,42,Pennsylvania,CO,8,Colorado,1362
AZ,4,Arizona,CO,8,Colorado,1363
PA,42,Pennsylvania,CO,8,Colorado,1364
CA,6,California,CO,8,Colorado,1365
WA,53,Washington,CO,8,Colorado,1366
UT,49,Utah,CO,8,Colorado,1367
MO,29,Missouri,CO,8,Colorado,1368
FL,12,Florida,CO,8,Colorado,1369
CO,8,Colorado,TX,48,Texas,1370
CO,8,Colorado,CA,6,California,1371
CO,8,Colorado,MN,27,Minnesota,1372
CA,6,California,CO,8,Colorado,1373
CO,8,Colorado,WA,53,Washington,1374
WA,53,Washington,CO,8,Colorado,1375
CO,8,Colorado,AL,1,Alabama,1376
AL,1,Alabama,CO,8,Colorado,1377
PA,42,Pennsylvania,CO,8,Colorado,1378
MT,30,Montana,CO,8,Colorado,1379
CO,8,Colorado,MT,30,Montana,1380
CO,8,Colorado,MT,30,Montana,1381
CO,8,Colorado,CA,6,California,1382
KS,20,Kansas,CO,8,Colorado,1383
IL,17,Illinois,CO,8,Colorado,1384
CA,6,California,CO,8,Colorado,1385
CO,8,Colorado,KS,20,Kansas,1386
CO,8,Colorado,NY,36,New York,1387
CO,8,Colorado,FL,12,Florida,1388
CO,8,Colorado,AZ,4,Arizona,1389
AZ,4,Arizona,CO,8,Colorado,1390
CA,6,California,CO,8,Colorado,1391
CO,8,Colorado,MI,26,Michigan,1392
GA,13,Georgia,CO,8,Colorado,1393
CO,8,Colorado,CA,6,California,1394
CO,8,Colorado,UT,49,Utah,1395
CA,6,California,CO,8,Colorado,1396
UT,49,Utah,CO,8,Colorado,1397
CO,8,Colorado,KY,21,Kentucky,1398
KY,21,Kentucky,CO,8,Colorado,1399
CO,8,Colorado,KY,21,Kentucky,1400
CO,8,Colorado,NY,36,New York,1401
NY,36,New York,CO,8,Colorado,1402
CO,8,Colorado,UT,49,Utah,1403
UT,49,Utah,CO,8,Colorado,1404
TX,48,Texas,CO,8,Colorado,1405
CO,8,Colorado,KY,21,Kentucky,1406
MA,25,Massachusetts,CO,8,Colorado,1407
OH,39,Ohio,CO,8,Colorado,1408
CO,8,Colorado,CA,6,California,1409
CO,8,Colorado,TX,48,Texas,1410
CO,8,Colorado,MA,25,Massachusetts,1411
CO,8,Colorado,TX,48,Texas,1412
CA,6,California,CO,8,Colorado,1413
PA,42,Pennsylvania,CO,8,Colorado,1414
NV,32,Nevada,CO,8,Colorado,1415
CO,8,Colorado,AL,1,Alabama,1416
CO,8,Colorado,WI,55,Wisconsin,1417
WI,55,Wisconsin,CO,8,Colorado,1418
KY,21,Kentucky,CO,8,Colorado,1419
CO,8,Colorado,SD,46,South Dakota,1420
CA,6,California,CO,8,Colorado,1421
GA,13,Georgia,CO,8,Colorado,1422
NE,31,Nebraska,CO,8,Colorado,1423
CO,8,Colorado,GA,13,Georgia,1424
WI,55,Wisconsin,CO,8,Colorado,1425
AZ,4,Arizona,CO,8,Colorado,1426
IN,18,Indiana,CO,8,Colorado,1427
CO,8,Colorado,MO,29,Missouri,1428
MO,29,Missouri,CO,8,Colorado,1429
TN,47,Tennessee,CO,8,Colorado,1430
CO,8,Colorado,AR,5,Arkansas,1431
ND,38,North Dakota,CO,8,Colorado,1432
CO,8,Colorado,TX,48,Texas,1433
AZ,4,Arizona,CO,8,Colorado,1434
CO,8,Colorado,WI,55,Wisconsin,1435
CO,8,Colorado,IL,17,Illinois,1436
TX,48,Texas,CO,8,Colorado,1437
CO,8,Colorado,FL,12,Florida,1438
MI,26,Michigan,CO,8,Colorado,1439
CO,8,Colorado,NE,31,Nebraska,1440
CO,8,Colorado,MI,26,Michigan,1441
CO,8,Colorado,SD,46,South Dakota,1442
MI,26,Michigan,CO,8,Colorado,1443
CO,8,Colorado,TX,48,Texas,1444
CO,8,Colorado,TX,48,Texas,1445
NY,36,New York,CO,8,Colorado,1446
WI,55,Wisconsin,CO,8,Colorado,1447
CA,6,California,CO,8,Colorado,1448
CA,6,California,CO,8,Colorado,1449
CO,8,Colorado,TN,47,Tennessee,1450
CO,8,Colorado,PA,42,Pennsylvania,1451
MI,26,Michigan,CO,8,Colorado,1452
WA,53,Washington,CO,8,Colorado,1453
VA,51,Virginia,CO,8,Colorado,1454
OR,41,Oregon,CO,8,Colorado,1455
CO,8,Colorado,MI,26,Michigan,1456
CO,8,Colorado,IN,18,Indiana,1457
IN,18,Indiana,CO,8,Colorado,1458
NM,35,New Mexico,CO,8,Colorado,1459
CO,8,Colorado,NM,35,New Mexico,1460
CO,8,Colorado,TX,48,Texas,1461
CO,8,Colorado,GA,13,Georgia,1462
OH,39,Ohio,CO,8,Colorado,1463
CO,8,Colorado,IL,17,Illinois,1464
CO,8,Colorado,TX,48,Texas,1465
SD,46,South Dakota,CO,8,Colorado,1466
AR,5,Arkansas,CO,8,Colorado,1467
CO,8,Colorado,OH,39,Ohio,1468
NJ,34,New Jersey,CO,8,Colorado,1469
CO,8,Colorado,CA,6,California,1470
CO,8,Colorado,TX,48,Texas,1471
TX,48,Texas,CO,8,Colorado,1472
KY,21,Kentucky,CO,8,Colorado,1473
GA,13,Georgia,CO,8,Colorado,1474
CO,8,Colorado,NY,36,New York,1475
NY,36,New York,CO,8,Colorado,1476
SD,46,South Dakota,CO,8,Colorado,1477
TX,48,Texas,CO,8,Colorado,1478
MD,24,Maryland,CO,8,Colorado,1479
CO,8,Colorado,TX,48,Texas,1480
CO,8,Colorado,MI,26,Michigan,1481
CO,8,Colorado,FL,12,Florida,1482
CO,8,Colorado,NE,31,Nebraska,1483
NJ,34,New Jersey,CO,8,Colorado,1484
IL,17,Illinois,CO,8,Colorado,1485
ID,16,Idaho,CO,8,Colorado,1486
CO,8,Colorado,OH,39,Ohio,1487
CO,8,Colorado,FL,12,Florida,1488
CO,8,Colorado,FL,12,Florida,1489
FL,12,Florida,CO,8,Colorado,1490
IL,17,Illinois,CO,8,Colorado,1491
ND,38,North Dakota,CO,8,Colorado,1492
CO,8,Colorado,ND,38,North Dakota,1493
CA,6,California,CO,8,Colorado,1494
CO,8,Colorado,NY,36,New York,1495
CO,8,Colorado,NV,32,Nevada,1496
CO,8,Colorado,WA,53,Washington,1497
NE,31,Nebraska,CO,8,Colorado,1498
CO,8,Colorado,OR,41,Oregon,1499
WA,53,Washington,CO,8,Colorado,1500
CO,8,Colorado,ID,16,Idaho,1501
IA,19,Iowa,CO,8,Colorado,1502
CO,8,Colorado,IA,19,Iowa,1503
CA,6,California,CO,8,Colorado,1504
AZ,4,Arizona,CO,8,Colorado,1505
CO,8,Colorado,WY,56,Wyoming,1506
CO,8,Colorado,CA,6,California,1507
ID,16,Idaho,CO,8,Colorado,1508
SD,46,South Dakota,CO,8,Colorado,1509
CA,6,California,CO,8,Colorado,1510
IA,19,Iowa,CO,8,Colorado,1511
CO,8,Colorado,IA,19,Iowa,1512
CO,8,Colorado,WY,56,Wyoming,1513
CO,8,Colorado,CA,6,California,1514
TX,48,Texas,CO,8,Colorado,1515
MT,30,Montana,CO,8,Colorado,1516
NV,32,Nevada,CO,8,Colorado,1517
MO,29,Missouri,CO,8,Colorado,1518
WY,56,Wyoming,CO,8,Colorado,1519
UT,49,Utah,CO,8,Colorado,1520
CO,8,Colorado,CA,6,California,1521
CO,8,Colorado,OK,40,Oklahoma,1522
CO,8,Colorado,SD,46,South Dakota,1523
CO,8,Colorado,UT,49,Utah,1524
OK,40,Oklahoma,CO,8,Colorado,1525
CO,8,Colorado,MT,30,Montana,1526
CO,8,Colorado,CA,6,California,1527
MD,24,Maryland,CO,8,Colorado,1528
WA,53,Washington,CO,8,Colorado,1529
CO,8,Colorado,WA,53,Washington,1530
CO,8,Colorado,UT,49,Utah,1531
CO,8,Colorado,TN,47,Tennessee,1532
WY,56,Wyoming,CO,8,Colorado,1533
NC,37,North Carolina,CO,8,Colorado,1534
WA,53,Washington,CO,8,Colorado,1535
CO,8,Colorado,GA,13,Georgia,1536
CO,8,Colorado,MI,26,Michigan,1537
CO,8,Colorado,FL,12,Florida,1538
CO,8,Colorado,CA,6,California,1539
MN,27,Minnesota,CO,8,Colorado,1540
CO,8,Colorado,WI,55,Wisconsin,1541
CO,8,Colorado,CA,6,California,1542
CO,8,Colorado,MO,29,Missouri,1543
MO,29,Missouri,CO,8,Colorado,1544
CO,8,Colorado,NC,37,North Carolina,1545
CO,8,Colorado,IL,17,Illinois,1546
IL,17,Illinois,CO,8,Colorado,1547
CO,8,Colorado,IA,19,Iowa,1548
CO,8,Colorado,CA,6,California,1549
CA,6,California,CO,8,Colorado,1550
CO,8,Colorado,MA,25,Massachusetts,1551
CO,8,Colorado,IL,17,Illinois,1552
MI,26,Michigan,CO,8,Colorado,1553
WI,55,Wisconsin,CO,8,Colorado,1554
MO,29,Missouri,CO,8,Colorado,1555
NM,35,New Mexico,CO,8,Colorado,1556
NY,36,New York,CO,8,Colorado,1557
MT,30,Montana,CO,8,Colorado,1558
OR,41,Oregon,CO,8,Colorado,1559
CO,8,Colorado,NJ,34,New Jersey,1560
CO,8,Colorado,WI,55,Wisconsin,1561
CO,8,Colorado,PA,42,Pennsylvania,1562
NJ,34,New Jersey,CO,8,Colorado,1563
FL,12,Florida,CO,8,Colorado,1564
CO,8,Colorado,CA,6,California,1565
CA,6,California,CO,8,Colorado,1566
CO,8,Colorado,IN,18,Indiana,1567
CO,8,Colorado,NM,35,New Mexico,1568
CO,8,Colorado,NY,36,New York,1569
MI,26,Michigan,CO,8,Colorado,1570
NY,36,New York,CO,8,Colorado,1571
CO,8,Colorado,OK,40,Oklahoma,1572
OH,39,Ohio,CO,8,Colorado,1573
CO,8,Colorado,NJ,34,New Jersey,1574
PA,42,Pennsylvania,CO,8,Colorado,1575
CO,8,Colorado,MI,26,Michigan,1576
CO,8,Colorado,NY,36,New York,1577
CO,8,Colorado,TX,48,Texas,1578
CO,8,Colorado,WY,56,Wyoming,1579
WY,56,Wyoming,CO,8,Colorado,1580
CA,6,California,CO,8,Colorado,1581
CO,8,Colorado,MT,30,Montana,1582
CO,8,Colorado,OR,41,Oregon,1583
FL,12,Florida,CO,8,Colorado,1584
OR,41,Oregon,CO,8,Colorado,1585
NJ,34,New Jersey,CO,8,Colorado,1586
TX,48,Texas,CO,8,Colorado,1587
CO,8,Colorado,SD,46,South Dakota,1588
CO,8,Colorado,CO,8,Colorado,1589
CO,8,Colorado,CO,8,Colorado,1590
IL,17,Illinois,CO,8,Colorado,1591
AK,2,Alaska,CO,8,Colorado,1592
CA,6,California,CO,8,Colorado,1593
SD,46,South Dakota,CO,8,Colorado,1594
CO,8,Colorado,IL,17,Illinois,1595
UT,49,Utah,CO,8,Colorado,1596
CA,6,California,CO,8,Colorado,1597
VA,51,Virginia,CO,8,Colorado,1598
CO,8,Colorado,KS,20,Kansas,1599
KS,20,Kansas,CO,8,Colorado,1600
CO,8,Colorado,KS,20,Kansas,1601
CO,8,Colorado,ND,38,North Dakota,1602
CO,8,Colorado,WY,56,Wyoming,1603
CO,8,Colorado,MO,29,Missouri,1604
KS,20,Kansas,CO,8,Colorado,1605
CO,8,Colorado,NV,32,Nevada,1606
CA,6,California,CO,8,Colorado,1607
TN,47,Tennessee,CO,8,Colorado,1608
OK,40,Oklahoma,CO,8,Colorado,1609
CO,8,Colorado,ND,38,North Dakota,1610
ND,38,North Dakota,CO,8,Colorado,1611
NE,31,Nebraska,CO,8,Colorado,1612
NE,31,Nebraska,CO,8,Colorado,1613
CO,8,Colorado,CO,8,Colorado,1614
CO,8,Colorado,NE,31,Nebraska,1615
CO,8,Colorado,NE,31,Nebraska,1616
CO,8,Colorado,NE,31,Nebraska,1617
CO,8,Colorado,UT,49,Utah,1618
NE,31,Nebraska,CO,8,Colorado,1619
UT,49,Utah,CO,8,Colorado,1620
CO,8,Colorado,OH,39,Ohio,1621
WY,56,Wyoming,CO,8,Colorado,1622
AR,5,Arkansas,CO,8,Colorado,1623
CO,8,Colorado,AK,2,Alaska,1624
CO,8,Colorado,CO,8,Colorado,1625
TX,48,Texas,CO,8,Colorado,1626
CO,8,Colorado,TX,48,Texas,1627
CO,8,Colorado,CA,6,California,1628
CO,8,Colorado,CA,6,California,1629
CO,8,Colorado,OR,41,Oregon,1630
TX,48,Texas,CO,8,Colorado,1631
GA,13,Georgia,CO,8,Colorado,1632
CO,8,Colorado,WA,53,Washington,1633
CO,8,Colorado,LA,22,Louisiana,1634
CO,8,Colorado,AZ,4,Arizona,1635
AZ,4,Arizona,CO,8,Colorado,1636
CO,8,Colorado,CO,8,Colorado,1637
CO,8,Colorado,GA,13,Georgia,1638
CO,8,Colorado,CO,8,Colorado,1639
CO,8,Colorado,CO,8,Colorado,1640
CO,8,Colorado,ND,38,North Dakota,1641
ND,38,North Dakota,CO,8,Colorado,1642
CO,8,Colorado,NV,32,Nevada,1643
CA,6,California,CO,8,Colorado,1644
NV,32,Nevada,CO,8,Colorado,1645
NC,37,North Carolina,CO,8,Colorado,1646
GA,13,Georgia,CO,8,Colorado,1647
CO,8,Colorado,CA,6,California,1648
CO,8,Colorado,WY,56,Wyoming,1649
CO,8,Colorado,AR,5,Arkansas,1650
CO,8,Colorado,WY,56,Wyoming,1651
WY,56,Wyoming,CO,8,Colorado,1652
IL,17,Illinois,CO,8,Colorado,1653
WY,56,Wyoming,CO,8,Colorado,1654
UT,49,Utah,CO,8,Colorado,1655
MT,30,Montana,CO,8,Colorado,1656
CO,8,Colorado,MT,30,Montana,1657
CO,8,Colorado,CA,6,California,1658
NV,32,Nevada,CO,8,Colorado,1659
CO,8,Colorado,CA,6,California,1660
CO,8,Colorado,NC,37,North Carolina,1661
CO,8,Colorado,FL,12,Florida,1662
LA,22,Louisiana,CO,8,Colorado,1663
CO,8,Colorado,CA,6,California,1664
CA,6,California,CO,8,Colorado,1665
CO,8,Colorado,TX,48,Texas,1666
TX,48,Texas,CO,8,Colorado,1667
MT,30,Montana,CO,8,Colorado,1668
UT,49,Utah,CO,8,Colorado,1669
CO,8,Colorado,UT,49,Utah,1670
CO,8,Colorado,UT,49,Utah,1671
CO,8,Colorado,TX,48,Texas,1672
CO,8,Colorado,MA,25,Massachusetts,1673
CO,8,Colorado,AZ,4,Arizona,1674
MN,27,Minnesota,CO,8,Colorado,1675
CO,8,Colorado,IL,17,Illinois,1676
WY,56,Wyoming,CO,8,Colorado,1677
CO,8,Colorado,MT,30,Montana,1678
MA,25,Massachusetts,CO,8,Colorado,1679
CO,8,Colorado,MA,25,Massachusetts,1680
CO,8,Colorado,UT,49,Utah,1681
UT,49,Utah,CO,8,Colorado,1682
MO,29,Missouri,CO,8,Colorado,1683
CO,8,Colorado,CO,8,Colorado,1684
CO,8,Colorado,UT,49,Utah,1685
CA,6,California,CO,8,Colorado,1686
UT,49,Utah,CO,8,Colorado,1687
CO,8,Colorado,OR,41,Oregon,1688
NV,32,Nevada,CO,8,Colorado,1689
CO,8,Colorado,MO,29,Missouri,1690
CO,8,Colorado,OK,40,Oklahoma,1691
CO,8,Colorado,MN,27,Minnesota,1692
CO,8,Colorado,WY,56,Wyoming,1693
CO,8,Colorado,MO,29,Missouri,1694
CO,8,Colorado,FL,12,Florida,1695
PA,42,Pennsylvania,CO,8,Colorado,1696
WA,53,Washington,CO,8,Colorado,1697
UT,49,Utah,CO,8,Colorado,1698
MT,30,Montana,CO,8,Colorado,1699
CO,8,Colorado,MT,30,Montana,1700
IL,17,Illinois,CO,8,Colorado,1701
KY,21,Kentucky,CO,8,Colorado,1702
CO,8,Colorado,TX,48,Texas,1703
CO,8,Colorado,FL,12,Florida,1704
TX,48,Texas,CO,8,Colorado,1705
CA,6,California,CO,8,Colorado,1706
CO,8,Colorado,NV,32,Nevada,1707
IL,17,Illinois,CO,8,Colorado,1708
CO,8,Colorado,ND,38,North Dakota,1709
ND,38,North Dakota,CO,8,Colorado,1710
CO,8,Colorado,AZ,4,Arizona,1711
FL,12,Florida,CO,8,Colorado,1712
AZ,4,Arizona,CO,8,Colorado,1713
CO,8,Colorado,CA,6,California,1714
CO,8,Colorado,TX,48,Texas,1715
CO,8,Colorado,WA,53,Washington,1716
CO,8,Colorado,UT,49,Utah,1717
CO,8,Colorado,AZ,4,Arizona,1718
TX,48,Texas,CO,8,Colorado,1719
CO,8,Colorado,AZ,4,Arizona,1720
AZ,4,Arizona,CO,8,Colorado,1721
AZ,4,Arizona,CO,8,Colorado,1722
MA,25,Massachusetts,CO,8,Colorado,1723
CO,8,Colorado,NV,32,Nevada,1724
CO,8,Colorado,KY,21,Kentucky,1725
CO,8,Colorado,NV,32,Nevada,1726
CO,8,Colorado,CA,6,California,1727
CO,8,Colorado,CA,6,California,1728
NV,32,Nevada,CO,8,Colorado,1729
FL,12,Florida,CO,8,Colorado,1730
CA,6,California,CO,8,Colorado,1731
NV,32,Nevada,CO,8,Colorado,1732
CO,8,Colorado,NM,35,New Mexico,1733
NM,35,New Mexico,CO,8,Colorado,1734
CO,8,Colorado,PA,42,Pennsylvania,1735
OH,39,Ohio,CO,8,Colorado,1736
CO,8,Colorado,CA,6,California,1737
CO,8,Colorado,WA,53,Washington,1738
MO,29,Missouri,CO,8,Colorado,1739
MA,25,Massachusetts,CO,8,Colorado,1740
CO,8,Colorado,WY,56,Wyoming,1741
CO,8,Colorado,AZ,4,Arizona,1742
WY,56,Wyoming,CO,8,Colorado,1743
FL,12,Florida,CO,8,Colorado,1744
CO,8,Colorado,CO,8,Colorado,1745
NY,36,New York,CO,8,Colorado,1746
CO,8,Colorado,CO,8,Colorado,1747
CO,8,Colorado,NJ,34,New Jersey,1748
CO,8,Colorado,MT,30,Montana,1749
MT,30,Montana,CO,8,Colorado,1750
CO,8,Colorado,VA,51,Virginia,1751
OR,41,Oregon,CO,8,Colorado,1752
TX,48,Texas,CO,8,Colorado,1753
AZ,4,Arizona,CO,8,Colorado,1754
CO,8,Colorado,CA,6,California,1755
CO,8,Colorado,CO,8,Colorado,1756
CO,8,Colorado,CO,8,Colorado,1757
CO,8,Colorado,CA,6,California,1758
CO,8,Colorado,MN,27,Minnesota,1759
CA,6,California,CO,8,Colorado,1760
CO,8,Colorado,NJ,34,New Jersey,1761
CO,8,Colorado,AZ,4,Arizona,1762
CO,8,Colorado,WI,55,Wisconsin,1763
CO,8,Colorado,MA,25,Massachusetts,1764
CO,8,Colorado,SD,46,South Dakota,1765
ND,38,North Dakota,CO,8,Colorado,1766
TX,48,Texas,CO,8,Colorado,1767
CA,6,California,CO,8,Colorado,1768
CO,8,Colorado,ND,38,North Dakota,1769
CO,8,Colorado,CA,6,California,1770
OK,40,Oklahoma,CO,8,Colorado,1771
UT,49,Utah,CO,8,Colorado,1772
CO,8,Colorado,VA,51,Virginia,1773
SD,46,South Dakota,CO,8,Colorado,1774
CO,8,Colorado,OK,40,Oklahoma,1775
CO,8,Colorado,OR,41,Oregon,1776
TX,48,Texas,CO,8,Colorado,1777
CO,8,Colorado,WA,53,Washington,1778
ND,38,North Dakota,CO,8,Colorado,1779
CO,8,Colorado,NY,36,New York,1780
CO,8,Colorado,CO,8,Colorado,1781
CO,8,Colorado,CO,8,Colorado,1782
CO,8,Colorado,CO,8,Colorado,1783
CO,8,Colorado,CO,8,Colorado,1784
OR,41,Oregon,CO,8,Colorado,1785
WI,55,Wisconsin,CO,8,Colorado,1786
NM,35,New Mexico,CO,8,Colorado,1787
WA,53,Washington,CO,8,Colorado,1788
CO,8,Colorado,TX,48,Texas,1789
CA,6,California,CO,8,Colorado,1790
CO,8,Colorado,WA,53,Washington,1791
CO,8,Colorado,CA,6,California,1792
CO,8,Colorado,CA,6,California,1793
VA,51,Virginia,CO,8,Colorado,1794
NY,36,New York,CO,8,Colorado,1795
CA,6,California,CO,8,Colorado,1796
IL,17,Illinois,CO,8,Colorado,1797
CO,8,Colorado,ND,38,North Dakota,1798
CO,8,Colorado,CA,6,California,1799
CO,8,Colorado,VA,51,Virginia,1800
CO,8,Colorado,TX,48,Texas,1801
CO,8,Colorado,IL,17,Illinois,1802
CO,8,Colorado,TX,48,Texas,1803
CO,8,Colorado,NY,36,New York,1804
CA,6,California,CO,8,Colorado,1805
VA,51,Virginia,CO,8,Colorado,1806
CO,8,Colorado,NM,35,New Mexico,1807
CO,8,Colorado,CA,6,California,1808
CO,8,Colorado,IN,18,Indiana,1809
CA,6,California,CO,8,Colorado,1810
NY,36,New York,CO,8,Colorado,1811
CO,8,Colorado,NE,31,Nebraska,1812
NE,31,Nebraska,CO,8,Colorado,1813
CO,8,Colorado,TX,48,Texas,1814
CO,8,Colorado,MD,24,Maryland,1815
GA,13,Georgia,CO,8,Colorado,1816
UT,49,Utah,CO,8,Colorado,1817
CO,8,Colorado,NJ,34,New Jersey,1818
CO,8,Colorado,UT,49,Utah,1819
CO,8,Colorado,MO,29,Missouri,1820
UT,49,Utah,CO,8,Colorado,1821
FL,12,Florida,CO,8,Colorado,1822
CO,8,Colorado,CA,6,California,1823
CA,6,California,CO,8,Colorado,1824
CO,8,Colorado,FL,12,Florida,1825
TN,47,Tennessee,CO,8,Colorado,1826
ID,16,Idaho,CO,8,Colorado,1827
CA,6,California,CO,8,Colorado,1828
CO,8,Colorado,CA,6,California,1829
CO,8,Colorado,ID,16,Idaho,1830
CO,8,Colorado,MD,24,Maryland,1831
TX,48,Texas,CO,8,Colorado,1832
CO,8,Colorado,TX,48,Texas,1833
CO,8,Colorado,TX,48,Texas,1834
CA,6,California,CO,8,Colorado,1835
TX,48,Texas,CO,8,Colorado,1836
CA,6,California,CO,8,Colorado,1837
CO,8,Colorado,CO,8,Colorado,1838
WA,53,Washington,CO,8,Colorado,1839
CO,8,Colorado,IL,17,Illinois,1840
IL,17,Illinois,CO,8,Colorado,1841
WA,53,Washington,CO,8,Colorado,1842
TX,48,Texas,CO,8,Colorado,1843
CO,8,Colorado,TN,47,Tennessee,1844
CO,8,Colorado,CA,6,California,1845
CO,8,Colorado,GA,13,Georgia,1846
WA,53,Washington,CO,8,Colorado,1847
NJ,34,New Jersey,CO,8,Colorado,1848
CO,8,Colorado,WA,53,Washington,1849
CA,6,California,CO,8,Colorado,1850
CO,8,Colorado,CA,6,California,1851
MO,29,Missouri,CO,8,Colorado,1852
IN,18,Indiana,CO,8,Colorado,1853
CO,8,Colorado,WA,53,Washington,1854
CA,6,California,CO,8,Colorado,1855
CO,8,Colorado,TX,48,Texas,1856
CO,8,Colorado,CA,6,California,1857
CO,8,Colorado,UT,49,Utah,1858
TX,48,Texas,CO,8,Colorado,1859
CO,8,Colorado,CO,8,Colorado,1860
CO,8,Colorado,CO,8,Colorado,1861
CO,8,Colorado,CA,6,California,1862
IL,17,Illinois,CO,8,Colorado,1863
CA,6,California,CO,8,Colorado,1864
CA,6,California,CO,8,Colorado,1865
CO,8,Colorado,TX,48,Texas,1866
TX,48,Texas,CO,8,Colorado,1867
CO,8,Colorado,IL,17,Illinois,1868
CA,6,California,CO,8,Colorado,1869
MD,24,Maryland,CO,8,Colorado,1870
CO,8,Colorado,CO,8,Colorado,1871
TX,48,Texas,CO,8,Colorado,1872
CO,8,Colorado,MN,27,Minnesota,1873
CO,8,Colorado,CA,6,California,1874
MN,27,Minnesota,CO,8,Colorado,1875
CO,8,Colorado,CO,8,Colorado,1876
VA,51,Virginia,CO,8,Colorado,1877
CA,6,California,CO,8,Colorado,1878
CO,8,Colorado,CA,6,California,1879
CO,8,Colorado,CA,6,California,1880
CA,6,California,CO,8,Colorado,1881
GA,13,Georgia,CO,8,Colorado,1882
CO,8,Colorado,UT,49,Utah,1883
CO,8,Colorado,IL,17,Illinois,1884
CO,8,Colorado,GA,13,Georgia,1885
CO,8,Colorado,VA,51,Virginia,1886
CO,8,Colorado,MN,27,Minnesota,1887
MN,27,Minnesota,CO,8,Colorado,1888
IL,17,Illinois,CO,8,Colorado,1889
CO,8,Colorado,TX,48,Texas,1890
UT,49,Utah,CO,8,Colorado,1891
TX,48,Texas,CO,8,Colorado,1892
CO,8,Colorado,TX,48,Texas,1893
CA,6,California,CO,8,Colorado,1894
CO,8,Colorado,CA,6,California,1895
CO,8,Colorado,CO,8,Colorado,1896
CO,8,Colorado,CO,8,Colorado,1897
MO,29,Missouri,CO,8,Colorado,1898
NC,37,North Carolina,CO,8,Colorado,1899
CO,8,Colorado,NC,37,North Carolina,1900
CO,8,Colorado,MO,29,Missouri,1901
CO,8,Colorado,AZ,4,Arizona,1902
AZ,4,Arizona,CO,8,Colorado,1903
NV,32,Nevada,CO,8,Colorado,1904
IL,17,Illinois,CO,8,Colorado,1905
CO,8,Colorado,TX,48,Texas,1906
CO,8,Colorado,IL,17,Illinois,1907
CO,8,Colorado,NV,32,Nevada,1908
TX,48,Texas,CO,8,Colorado,1909
